  SYNC    include/config/auto.conf.cmd
  UPD     arch/arm64/include/generated/uapi/asm/kvm_para.h
  UPD     include/generated/uapi/linux/version.h
  UPD     arch/arm64/include/generated/uapi/asm/errno.h
  UPD     arch/arm64/include/generated/uapi/asm/ioctl.h
  UPD     arch/arm64/include/generated/uapi/asm/ioctls.h
  UPD     arch/arm64/include/generated/uapi/asm/ipcbuf.h
  UPD     include/config/kernel.release
  HOSTCC  scripts/dtc/dtc.o
  UPD     arch/arm64/include/generated/uapi/asm/msgbuf.h
  UPD     include/generated/compile.h
  UPD     arch/arm64/include/generated/uapi/asm/poll.h
  UPD     include/generated/utsrelease.h
  UPD     arch/arm64/include/generated/uapi/asm/resource.h
  HOSTCC  scripts/dtc/flattree.o
  UPD     arch/arm64/include/generated/uapi/asm/sembuf.h
  HOSTCC  scripts/dtc/fstree.o
  UPD     arch/arm64/include/generated/uapi/asm/shmbuf.h
  UPD     arch/arm64/include/generated/uapi/asm/siginfo.h
  UPD     arch/arm64/include/generated/uapi/asm/socket.h
  UPD     arch/arm64/include/generated/uapi/asm/sockios.h
  UPD     arch/arm64/include/generated/uapi/asm/stat.h
  UPD     arch/arm64/include/generated/uapi/asm/swab.h
  UPD     arch/arm64/include/generated/uapi/asm/termbits.h
  UPD     arch/arm64/include/generated/uapi/asm/termios.h
  UPD     arch/arm64/include/generated/uapi/asm/types.h
  SYSHDR  arch/arm64/include/generated/uapi/asm/unistd_64.h
  HOSTCC  scripts/dtc/data.o
  HOSTCC  scripts/dtc/livetree.o
  UPD     arch/arm64/include/generated/asm/early_ioremap.h
  UPD     arch/arm64/include/generated/asm/fprobe.h
  UPD     arch/arm64/include/generated/asm/mcs_spinlock.h
  UPD     arch/arm64/include/generated/asm/mmzone.h
  UPD     arch/arm64/include/generated/asm/qrwlock.h
  UPD     arch/arm64/include/generated/asm/qspinlock.h
  UPD     arch/arm64/include/generated/asm/parport.h
  UPD     arch/arm64/include/generated/asm/user.h
  UPD     arch/arm64/include/generated/asm/delay.h
  UPD     arch/arm64/include/generated/asm/device.h
  UPD     arch/arm64/include/generated/asm/div64.h
  UPD     arch/arm64/include/generated/asm/dma-mapping.h
  UPD     arch/arm64/include/generated/asm/dma.h
  UPD     arch/arm64/include/generated/asm/emergency-restart.h
  UPD     arch/arm64/include/generated/asm/hw_irq.h
  UPD     arch/arm64/include/generated/asm/irq_regs.h
  UPD     arch/arm64/include/generated/asm/kdebug.h
  UPD     arch/arm64/include/generated/asm/kmap_size.h
  UPD     arch/arm64/include/generated/asm/local.h
  UPD     arch/arm64/include/generated/asm/local64.h
  UPD     arch/arm64/include/generated/asm/mmiowb.h
  UPD     arch/arm64/include/generated/asm/msi.h
  UPD     arch/arm64/include/generated/asm/percpu_types.h
  UPD     arch/arm64/include/generated/asm/serial.h
  UPD     arch/arm64/include/generated/asm/softirq_stack.h
  UPD     arch/arm64/include/generated/asm/switch_to.h
  HOSTCC  scripts/dtc/treesource.o
  UPD     arch/arm64/include/generated/asm/trace_clock.h
  UPD     arch/arm64/include/generated/asm/unwind_user.h
  UPD     arch/arm64/include/generated/asm/vga.h
  UPD     arch/arm64/include/generated/asm/video.h
  SYSTBL  arch/arm64/include/generated/asm/syscall_table_32.h
  SYSTBL  arch/arm64/include/generated/asm/syscall_table_64.h
  SYSHDR  arch/arm64/include/generated/asm/unistd_32.h
  HOSTCC  scripts/dtc/srcpos.o
  SYSHDR  arch/arm64/include/generated/asm/unistd_compat_32.h
  HOSTCC  scripts/dtc/checks.o
  HOSTCC  scripts/dtc/util.o
  LEX     scripts/dtc/dtc-lexer.lex.c
  YACC    scripts/dtc/dtc-parser.tab.[ch]
  HOSTCC  scripts/dtc/libfdt/fdt.o
  HOSTCC  scripts/dtc/libfdt/fdt_ro.o
  HOSTCC  scripts/dtc/libfdt/fdt_wip.o
  HOSTCC  scripts/dtc/libfdt/fdt_sw.o
  HOSTCC  scripts/dtc/libfdt/fdt_rw.o
  HOSTCC  scripts/dtc/libfdt/fdt_strerror.o
  HOSTCC  scripts/dtc/libfdt/fdt_empty_tree.o
  HOSTCC  scripts/dtc/libfdt/fdt_addresses.o
  HOSTCC  scripts/dtc/libfdt/fdt_overlay.o
  HOSTCC  scripts/dtc/fdtoverlay.o
  HOSTCC  scripts/dtc/dtc-lexer.lex.o
  HOSTCC  scripts/dtc/dtc-parser.tab.o
  HOSTLD  scripts/dtc/fdtoverlay
  HOSTLD  scripts/dtc/dtc
  HOSTCC  scripts/kallsyms
  HOSTCC  scripts/sorttable.o
  HOSTCC  scripts/elf-parse.o
  HOSTCC  scripts/asn1_compiler
  HOSTLD  scripts/sorttable
  DTC     arch/arm64/boot/dts/qcom/apq8016-sbc.dtb
  DTC     arch/arm64/boot/dts/qcom/sar2130p-qar2130p.dtb
  DTC     arch/arm64/boot/dts/qcom/apq8016-sbc-d3-camera-mezzanine.dtbo
  DTC     arch/arm64/boot/dts/qcom/apq8016-sbc-usb-host.dtbo
  DTC     arch/arm64/boot/dts/qcom/apq8016-schneider-hmibsc.dtb
  DTC     arch/arm64/boot/dts/qcom/apq8039-t2.dtb
  DTC     arch/arm64/boot/dts/qcom/apq8094-sony-xperia-kitakami-karin_windy.dtb
  DTC     arch/arm64/boot/dts/qcom/apq8096-db820c.dtb
  DTC     arch/arm64/boot/dts/qcom/apq8096sg-db820c.dtb
  DTC     arch/arm64/boot/dts/qcom/apq8096-ifc6640.dtb
  DTC     arch/arm64/boot/dts/qcom/eliza-cqs-evk.dtb
  DTC     arch/arm64/boot/dts/qcom/eliza-mtp.dtb
  DTC     arch/arm64/boot/dts/qcom/glymur-asus-zenbook-a16-ux3607oa.dtb
  DTC     arch/arm64/boot/dts/qcom/glymur-crd.dtb
  DTC     arch/arm64/boot/dts/qcom/hamoa-iot-evk.dtb
  DTC     arch/arm64/boot/dts/qcom/x1-el2.dtbo
  DTC     arch/arm64/boot/dts/qcom/hamoa-lenovo-ideacentre-mini-01q8x10.dtb
  DTC     arch/arm64/boot/dts/qcom/ipq5018-rdp432-c2.dtb
  DTC     arch/arm64/boot/dts/qcom/ipq5018-tplink-archer-ax55-v1.dtb
  DTC     arch/arm64/boot/dts/qcom/ipq5210-rdp504.dtb
  GEN     arch/arm64/include/generated/asm/cpucap-defs.h
  GEN     arch/arm64/include/generated/asm/kernel-hwcap.h
  DTC     arch/arm64/boot/dts/qcom/ipq5332-rdp441.dtb
  GEN     arch/arm64/include/generated/asm/sysreg-defs.h
  DTC     arch/arm64/boot/dts/qcom/ipq5332-rdp442.dtb
  DTC     arch/arm64/boot/dts/qcom/ipq5332-rdp468.dtb
  DTC     arch/arm64/boot/dts/qcom/ipq5332-rdp474.dtb
  DTC     arch/arm64/boot/dts/qcom/ipq5424-rdp466.dtb
  DTC     arch/arm64/boot/dts/qcom/ipq6018-cp01-c1.dtb
  DTC     arch/arm64/boot/dts/qcom/ipq8074-hk01.dtb
  CC      scripts/mod/empty.o
  DTC     arch/arm64/boot/dts/qcom/ipq8074-hk10-c1.dtb
  HOSTCC  scripts/mod/mk_elfconfig
  DTC     arch/arm64/boot/dts/qcom/ipq8074-hk10-c2.dtb
  CC      scripts/mod/devicetable-offsets.s
  DTC     arch/arm64/boot/dts/qcom/ipq9574-rdp418.dtb
  DTC     arch/arm64/boot/dts/qcom/ipq9574-rdp418-emmc.dtb
  DTC     arch/arm64/boot/dts/qcom/ipq9574-rdp433.dtb
  DTC     arch/arm64/boot/dts/qcom/ipq9574-rdp433-emmc.dtb
  DTC     arch/arm64/boot/dts/qcom/ipq9574-rdp449.dtb
  MKELF   scripts/mod/elfconfig.h
  DTC     arch/arm64/boot/dts/qcom/ipq9574-rdp453.dtb
  UPD     scripts/mod/devicetable-offsets.h
  HOSTCC  scripts/mod/modpost.o
  HOSTCC  scripts/mod/file2alias.o
  HOSTCC  scripts/mod/sumversion.o
  DTC     arch/arm64/boot/dts/qcom/ipq9574-rdp454.dtb
  DTC     arch/arm64/boot/dts/qcom/ipq9650-rdp488.dtb
  DTC     arch/arm64/boot/dts/qcom/kaanapali-mtp.dtb
  DTC     arch/arm64/boot/dts/qcom/kaanapali-oneplus-infiniti.dtb
  HOSTCC  scripts/mod/symsearch.o
  DTC     arch/arm64/boot/dts/qcom/kaanapali-qrd.dtb
  DTC     arch/arm64/boot/dts/qcom/lemans-evk.dtb
  DTC     arch/arm64/boot/dts/qcom/lemans-evk-camera-csi1-imx577.dtbo
  DTC     arch/arm64/boot/dts/qcom/lemans-evk-camera.dtbo
  DTC     arch/arm64/boot/dts/qcom/lemans-el2.dtbo
  DTC     arch/arm64/boot/dts/qcom/lemans-evk-ifp-mezzanine.dtbo
  DTC     arch/arm64/boot/dts/qcom/mahua-crd.dtb
  DTC     arch/arm64/boot/dts/qcom/milos-fairphone-fp6.dtb
  DTC     arch/arm64/boot/dts/qcom/milos-nothing-asteroids.dtb
  DTC     arch/arm64/boot/dts/qcom/monaco-arduino-monza.dtb
  DTC     arch/arm64/boot/dts/qcom/monaco-evk.dtb
  DTC     arch/arm64/boot/dts/qcom/monaco-evk-camera-imx577.dtbo
  DTC     arch/arm64/boot/dts/qcom/monaco-el2.dtbo
  DTC     arch/arm64/boot/dts/qcom/monaco-evk-ifp-mezzanine.dtbo
  DTC     arch/arm64/boot/dts/qcom/msm8216-samsung-fortuna3g.dtb
  DTC     arch/arm64/boot/dts/qcom/msm8916-acer-a1-724.dtb
  DTC     arch/arm64/boot/dts/qcom/msm8916-alcatel-idol347.dtb
  DTC     arch/arm64/boot/dts/qcom/msm8916-asus-z00l.dtb
  DTC     arch/arm64/boot/dts/qcom/msm8916-gplus-fl8005a.dtb
  DTC     arch/arm64/boot/dts/qcom/msm8916-huawei-g7.dtb
  DTC     arch/arm64/boot/dts/qcom/msm8916-lg-c50.dtb
  DTC     arch/arm64/boot/dts/qcom/msm8916-lg-m216.dtb
  DTC     arch/arm64/boot/dts/qcom/msm8916-longcheer-l8150.dtb
  DTC     arch/arm64/boot/dts/qcom/msm8916-longcheer-l8910.dtb
  HOSTLD  scripts/mod/modpost
  DTC     arch/arm64/boot/dts/qcom/msm8916-motorola-harpia.dtb
  DTC     arch/arm64/boot/dts/qcom/msm8916-motorola-osprey.dtb
  DTC     arch/arm64/boot/dts/qcom/msm8916-motorola-surnia.dtb
  DTC     arch/arm64/boot/dts/qcom/msm8916-mtp.dtb
  CC      kernel/bounds.s
  UPD     include/generated/timeconst.h
  DTC     arch/arm64/boot/dts/qcom/msm8916-samsung-a3u-eur.dtb
  CHKSHA1 include/linux/atomic/atomic-arch-fallback.h
  CHKSHA1 include/linux/atomic/atomic-instrumented.h
  CHKSHA1 include/linux/atomic/atomic-long.h
  DTC     arch/arm64/boot/dts/qcom/msm8916-samsung-a5u-eur.dtb
  DTC     arch/arm64/boot/dts/qcom/msm8916-samsung-coreprimeltevzw.dtb
  DTC     arch/arm64/boot/dts/qcom/msm8916-samsung-e5.dtb
  DTC     arch/arm64/boot/dts/qcom/msm8916-samsung-e7.dtb
  DTC     arch/arm64/boot/dts/qcom/msm8916-samsung-gprimeltecan.dtb
  UPD     include/generated/bounds.h
  DTC     arch/arm64/boot/dts/qcom/msm8916-samsung-grandmax.dtb
  CC      arch/arm64/kernel/asm-offsets.s
  DTC     arch/arm64/boot/dts/qcom/msm8916-samsung-grandprimelte.dtb
  DTC     arch/arm64/boot/dts/qcom/msm8916-samsung-gt510.dtb
  DTC     arch/arm64/boot/dts/qcom/msm8916-samsung-gt58.dtb
  DTC     arch/arm64/boot/dts/qcom/msm8916-samsung-j3ltetw.dtb
  DTC     arch/arm64/boot/dts/qcom/msm8916-samsung-j5.dtb
  DTC     arch/arm64/boot/dts/qcom/msm8916-samsung-j5x.dtb
  DTC     arch/arm64/boot/dts/qcom/msm8916-samsung-rossa.dtb
  DTC     arch/arm64/boot/dts/qcom/msm8916-samsung-serranove.dtb
  DTC     arch/arm64/boot/dts/qcom/msm8916-thwc-uf896.dtb
  DTC     arch/arm64/boot/dts/qcom/msm8916-thwc-ufi001c.dtb
  DTC     arch/arm64/boot/dts/qcom/msm8916-wiko-chuppito.dtb
  DTC     arch/arm64/boot/dts/qcom/msm8916-wingtech-wt86518.dtb
  DTC     arch/arm64/boot/dts/qcom/msm8916-wingtech-wt86528.dtb
  DTC     arch/arm64/boot/dts/qcom/msm8916-wingtech-wt88047.dtb
  DTC     arch/arm64/boot/dts/qcom/msm8916-yiming-uz801v3.dtb
  DTC     arch/arm64/boot/dts/qcom/msm8917-xiaomi-riva.dtb
  DTC     arch/arm64/boot/dts/qcom/msm8917-xiaomi-rolex.dtb
  DTC     arch/arm64/boot/dts/qcom/msm8917-xiaomi-tiare.dtb
  DTC     arch/arm64/boot/dts/qcom/msm8929-wingtech-wt82918hd.dtb
  DTC     arch/arm64/boot/dts/qcom/msm8937-xiaomi-land.dtb
  DTC     arch/arm64/boot/dts/qcom/msm8939-asus-z00t.dtb
  DTC     arch/arm64/boot/dts/qcom/msm8939-huawei-kiwi.dtb
  DTC     arch/arm64/boot/dts/qcom/msm8939-longcheer-l9100.dtb
  DTC     arch/arm64/boot/dts/qcom/msm8939-samsung-a7.dtb
  DTC     arch/arm64/boot/dts/qcom/msm8939-sony-xperia-kanuti-tulip.dtb
  DTC     arch/arm64/boot/dts/qcom/msm8939-wingtech-wt82918.dtb
  DTC     arch/arm64/boot/dts/qcom/msm8939-wingtech-wt82918hd.dtb
  DTC     arch/arm64/boot/dts/qcom/msm8953-flipkart-rimob.dtb
  DTC     arch/arm64/boot/dts/qcom/msm8953-motorola-potter.dtb
  DTC     arch/arm64/boot/dts/qcom/msm8953-xiaomi-daisy.dtb
  DTC     arch/arm64/boot/dts/qcom/msm8953-xiaomi-mido.dtb
  DTC     arch/arm64/boot/dts/qcom/msm8953-xiaomi-tissot.dtb
  DTC     arch/arm64/boot/dts/qcom/msm8953-xiaomi-vince.dtb
  DTC     arch/arm64/boot/dts/qcom/msm8956-sony-xperia-loire-kugo.dtb
  DTC     arch/arm64/boot/dts/qcom/msm8956-sony-xperia-loire-suzu.dtb
  DTC     arch/arm64/boot/dts/qcom/msm8976-longcheer-l9360.dtb
  DTC     arch/arm64/boot/dts/qcom/msm8992-lg-bullhead-rev-10.dtb
  DTC     arch/arm64/boot/dts/qcom/msm8992-lg-bullhead-rev-101.dtb
  DTC     arch/arm64/boot/dts/qcom/msm8992-lg-h815.dtb
  DTC     arch/arm64/boot/dts/qcom/msm8992-msft-lumia-octagon-talkman.dtb
  DTC     arch/arm64/boot/dts/qcom/msm8992-xiaomi-libra.dtb
  DTC     arch/arm64/boot/dts/qcom/msm8994-huawei-angler-rev-101.dtb
  DTC     arch/arm64/boot/dts/qcom/msm8994-msft-lumia-octagon-cityman.dtb
  DTC     arch/arm64/boot/dts/qcom/msm8994-sony-xperia-kitakami-ivy.dtb
  DTC     arch/arm64/boot/dts/qcom/msm8994-sony-xperia-kitakami-karin.dtb
  DTC     arch/arm64/boot/dts/qcom/msm8994-sony-xperia-kitakami-satsuki.dtb
  DTC     arch/arm64/boot/dts/qcom/msm8994-sony-xperia-kitakami-sumire.dtb
  DTC     arch/arm64/boot/dts/qcom/msm8994-sony-xperia-kitakami-suzuran.dtb
  DTC     arch/arm64/boot/dts/qcom/msm8996-mtp.dtb
  DTC     arch/arm64/boot/dts/qcom/msm8996-oneplus3.dtb
  DTC     arch/arm64/boot/dts/qcom/msm8996-oneplus3t.dtb
  DTC     arch/arm64/boot/dts/qcom/msm8996-sony-xperia-tone-dora.dtb
  DTC     arch/arm64/boot/dts/qcom/msm8996-sony-xperia-tone-kagura.dtb
  DTC     arch/arm64/boot/dts/qcom/msm8996-sony-xperia-tone-keyaki.dtb
  DTC     arch/arm64/boot/dts/qcom/msm8996-xiaomi-gemini.dtb
  DTC     arch/arm64/boot/dts/qcom/msm8996pro-xiaomi-natrium.dtb
  DTC     arch/arm64/boot/dts/qcom/msm8996pro-xiaomi-scorpio.dtb
  DTC     arch/arm64/boot/dts/qcom/msm8998-asus-novago-tp370ql.dtb
  DTC     arch/arm64/boot/dts/qcom/msm8998-fxtec-pro1.dtb
  UPD     include/generated/asm-offsets.h
  DTC     arch/arm64/boot/dts/qcom/msm8998-hp-envy-x2.dtb
  CC      kernel/sched/rq-offsets.s
  DTC     arch/arm64/boot/dts/qcom/msm8998-lenovo-miix-630.dtb
  DTC     arch/arm64/boot/dts/qcom/msm8998-mtp.dtb
  DTC     arch/arm64/boot/dts/qcom/msm8998-oneplus-cheeseburger.dtb
  DTC     arch/arm64/boot/dts/qcom/msm8998-oneplus-dumpling.dtb
  DTC     arch/arm64/boot/dts/qcom/msm8998-sony-xperia-yoshino-lilac.dtb
  DTC     arch/arm64/boot/dts/qcom/msm8998-sony-xperia-yoshino-maple.dtb
  DTC     arch/arm64/boot/dts/qcom/msm8998-sony-xperia-yoshino-poplar.dtb
  DTC     arch/arm64/boot/dts/qcom/msm8998-xiaomi-sagit.dtb
  DTC     arch/arm64/boot/dts/qcom/purwa-iot-evk.dtb
  DTC     arch/arm64/boot/dts/qcom/qcm6490-fairphone-fp5.dtb
  DTC     arch/arm64/boot/dts/qcom/qcm6490-idp.dtb
  DTC     arch/arm64/boot/dts/qcom/qcm6490-particle-tachyon.dtb
  DTC     arch/arm64/boot/dts/qcom/qcm6490-shift-otter.dtb
  DTC     arch/arm64/boot/dts/qcom/qcs404-evb-1000.dtb
  DTC     arch/arm64/boot/dts/qcom/qcs404-evb-4000.dtb
  DTC     arch/arm64/boot/dts/qcom/qcs615-ride.dtb
  DTC     arch/arm64/boot/dts/qcom/talos-el2.dtbo
  DTC     arch/arm64/boot/dts/qcom/qcs6490-radxa-dragon-q6a.dtb
  DTC     arch/arm64/boot/dts/qcom/qcs6490-rb3gen2.dtb
  DTC     arch/arm64/boot/dts/qcom/qcs6490-rb3gen2-industrial-mezzanine.dtbo
  DTC     arch/arm64/boot/dts/qcom/qcs6490-rb3gen2-vision-mezzanine.dtbo
  DTC     arch/arm64/boot/dts/qcom/qcs6490-thundercomm-minipc-g1iot.dtb
  DTC     arch/arm64/boot/dts/qcom/qcs6490-thundercomm-rubikpi3.dtb
  DTC     arch/arm64/boot/dts/qcom/qcs6490-vicharak-axon-mini.dtb
  DTC     arch/arm64/boot/dts/qcom/qcs8300-ride.dtb
  DTC     arch/arm64/boot/dts/qcom/qcs8550-aim300-aiot.dtb
  DTC     arch/arm64/boot/dts/qcom/qcs8550-rb5gen2.dtb
  UPD     include/generated/rq-offsets.h
  CALL    scripts/checksyscalls.sh 
  DTC     arch/arm64/boot/dts/qcom/qcs9100-ride.dtb
  DTC     arch/arm64/boot/dts/qcom/qcs9100-ride-r3.dtb
  DTC     arch/arm64/boot/dts/qcom/qdu1000-idp.dtb
  DTC     arch/arm64/boot/dts/qcom/qrb2210-arduino-imola.dtb
  LDS     arch/arm64/kernel/vdso/vdso.lds
  CC      arch/arm64/kernel/vdso/vgettimeofday.o
  DTC     arch/arm64/boot/dts/qcom/qrb2210-rb1.dtb
  AS      arch/arm64/kernel/vdso/note.o
  AS      arch/arm64/kernel/vdso/sigreturn.o
  DTC     arch/arm64/boot/dts/qcom/qrb2210-rb1-vision-mezzanine.dtbo
  DTC     arch/arm64/boot/dts/qcom/qrb4210-rb2.dtb
  DTC     arch/arm64/boot/dts/qcom/qrb5165-rb5.dtb
  CC      arch/arm64/kernel/vdso/vgetrandom.o
  AS      arch/arm64/kernel/vdso/vgetrandom-chacha.o
  DTC     arch/arm64/boot/dts/qcom/qrb5165-rb5-vision-mezzanine.dtbo
  DTC     arch/arm64/boot/dts/qcom/qru1000-idp.dtb
  DTC     arch/arm64/boot/dts/qcom/sa8155p-adp.dtb
  DTC     arch/arm64/boot/dts/qcom/sa8295p-adp.dtb
  LD      arch/arm64/kernel/vdso/vdso.so.dbg
  DTC     arch/arm64/boot/dts/qcom/sa8540p-ride.dtb
  DTC     arch/arm64/boot/dts/qcom/sc7180-acer-aspire1.dtb
  DTC     arch/arm64/boot/dts/qcom/sc7180-el2.dtbo
  DTC     arch/arm64/boot/dts/qcom/sc7180-ecs-liva-qc710.dtb
  VDSOSYM include/generated/vdso-offsets.h
  DTC     arch/arm64/boot/dts/qcom/sc7180-idp.dtb
  OBJCOPY arch/arm64/kernel/vdso/vdso.so
  DTC     arch/arm64/boot/dts/qcom/sc7180-trogdor-coachz-r1.dtb
  DTC     arch/arm64/boot/dts/qcom/sc7180-trogdor-coachz-r1-lte.dtb
  CC      init/main.o
  UPD     init/utsversion-tmp.h
  CC      init/do_mounts.o
  CC      init/do_mounts_rd.o
  DTC     arch/arm64/boot/dts/qcom/sc7180-trogdor-coachz-r3.dtb
  DTC     arch/arm64/boot/dts/qcom/sc7180-trogdor-coachz-r3-lte.dtb
  DTC     arch/arm64/boot/dts/qcom/sc7180-trogdor-homestar-r2.dtb
  DTC     arch/arm64/boot/dts/qcom/sc7180-trogdor-homestar-r3.dtb
  DTC     arch/arm64/boot/dts/qcom/sc7180-trogdor-homestar-r4.dtb
  DTC     arch/arm64/boot/dts/qcom/sc7180-trogdor-kingoftown.dtb
  DTC     arch/arm64/boot/dts/qcom/sc7180-trogdor-lazor-r1.dtb
  DTC     arch/arm64/boot/dts/qcom/sc7180-trogdor-lazor-r1-kb.dtb
  DTC     arch/arm64/boot/dts/qcom/sc7180-trogdor-lazor-r1-lte.dtb
  DTC     arch/arm64/boot/dts/qcom/sc7180-trogdor-lazor-r3.dtb
  DTC     arch/arm64/boot/dts/qcom/sc7180-trogdor-lazor-r3-kb.dtb
  DTC     arch/arm64/boot/dts/qcom/sc7180-trogdor-lazor-r3-lte.dtb
  CC      init/do_mounts_initrd.o
  DTC     arch/arm64/boot/dts/qcom/sc7180-trogdor-lazor-r9.dtb
  DTC     arch/arm64/boot/dts/qcom/sc7180-trogdor-lazor-r9-kb.dtb
  HOSTCC  usr/gen_init_cpio
  DTC     arch/arm64/boot/dts/qcom/sc7180-trogdor-lazor-r9-lte.dtb
  DTC     arch/arm64/boot/dts/qcom/sc7180-trogdor-lazor-r10.dtb
  DTC     arch/arm64/boot/dts/qcom/sc7180-trogdor-lazor-r10-kb.dtb
  DTC     arch/arm64/boot/dts/qcom/sc7180-trogdor-lazor-r10-lte.dtb
  CC      arch/arm64/kernel/pi/idreg-override.o
  DTC     arch/arm64/boot/dts/qcom/sc7180-trogdor-lazor-limozeen-r4.dtb
  DTC     arch/arm64/boot/dts/qcom/sc7180-trogdor-lazor-limozeen-r9.dtb
  DTC     arch/arm64/boot/dts/qcom/sc7180-trogdor-lazor-limozeen-r10.dtb
  GEN     usr/initramfs_data.cpio
  DTC     arch/arm64/boot/dts/qcom/sc7180-trogdor-lazor-limozeen-nots-r4.dtb
  COPY    usr/initramfs_inc_data
  AS      usr/initramfs_data.o
  CC      init/initramfs.o
  AR      usr/built-in.a
  CC      arch/arm64/mm/dma-mapping.o
  DTC     arch/arm64/boot/dts/qcom/sc7180-trogdor-lazor-limozeen-nots-r5.dtb
  DTC     arch/arm64/boot/dts/qcom/sc7180-trogdor-lazor-limozeen-nots-r9.dtb
  DTC     arch/arm64/boot/dts/qcom/sc7180-trogdor-lazor-limozeen-nots-r10.dtb
  DTC     arch/arm64/boot/dts/qcom/sc7180-trogdor-pazquel-lte-parade.dtb
  DTC     arch/arm64/boot/dts/qcom/sc7180-trogdor-pazquel-lte-ti.dtb
  HOSTCC  arch/arm64/kernel/pi/relacheck
  DTC     arch/arm64/boot/dts/qcom/sc7180-trogdor-pazquel-parade.dtb
  DTC     arch/arm64/boot/dts/qcom/sc7180-trogdor-pazquel-ti.dtb
  CC      arch/arm64/kernel/pi/map_kernel.o
  DTC     arch/arm64/boot/dts/qcom/sc7180-trogdor-pazquel360-lte.dtb
  CC      arch/arm64/mm/extable.o
  DTC     arch/arm64/boot/dts/qcom/sc7180-trogdor-pazquel360-wifi.dtb
  DTC     arch/arm64/boot/dts/qcom/sc7180-trogdor-pompom-r1.dtb
  DTC     arch/arm64/boot/dts/qcom/sc7180-trogdor-pompom-r1-lte.dtb
  DTC     arch/arm64/boot/dts/qcom/sc7180-trogdor-pompom-r2.dtb
  DTC     arch/arm64/boot/dts/qcom/sc7180-trogdor-pompom-r2-lte.dtb
  CC      init/calibrate.o
  CC      arch/arm64/mm/fault.o
  DTC     arch/arm64/boot/dts/qcom/sc7180-trogdor-pompom-r3.dtb
  DTC     arch/arm64/boot/dts/qcom/sc7180-trogdor-pompom-r3-lte.dtb
  DTC     arch/arm64/boot/dts/qcom/sc7180-trogdor-quackingstick-r0.dtb
  CC      arch/arm64/kernel/pi/map_range.o
  CC      init/init_task.o
  DTC     arch/arm64/boot/dts/qcom/sc7180-trogdor-quackingstick-r0-lte.dtb
  DTC     arch/arm64/boot/dts/qcom/sc7180-trogdor-wormdingler-rev1-boe.dtb
  DTC     arch/arm64/boot/dts/qcom/sc7180-trogdor-wormdingler-rev1-inx.dtb
  DTC     arch/arm64/boot/dts/qcom/sc7180-trogdor-wormdingler-rev1-inx-rt5682s.dtb
  DTC     arch/arm64/boot/dts/qcom/sc7180-trogdor-wormdingler-rev1-boe-rt5682s.dtb
  DTC     arch/arm64/boot/dts/qcom/sc7180-trogdor-r1.dtb
  DTC     arch/arm64/boot/dts/qcom/sc7180-trogdor-r1-lte.dtb
  DTC     arch/arm64/boot/dts/qcom/sc7280-herobrine-crd.dtb
  CC      arch/arm64/kernel/pi/lib-fdt.o
  DTC     arch/arm64/boot/dts/qcom/sc7280-herobrine-crd-pro.dtb
  CC      init/version.o
  CC      arch/arm64/kernel/pi/lib-fdt_ro.o
  DTC     arch/arm64/boot/dts/qcom/sc7280-herobrine-evoker.dtb
  DTC     arch/arm64/boot/dts/qcom/sc7280-herobrine-evoker-lte.dtb
  CC      arch/arm64/mm/init.o
  CC      arch/arm64/kernel/pi/relocate.o
  DTC     arch/arm64/boot/dts/qcom/sc7280-herobrine-herobrine-r1.dtb
  DTC     arch/arm64/boot/dts/qcom/sc7280-herobrine-villager-r0.dtb
  AR      init/built-in.a
  AR      arch/arm64/kernel/probes/built-in.a
  CC      arch/arm64/net/bpf_jit_comp.o
  DTC     arch/arm64/boot/dts/qcom/sc7280-herobrine-villager-r1.dtb
  DTC     arch/arm64/boot/dts/qcom/sc7280-herobrine-villager-r1-lte.dtb
  CC      arch/arm64/kernel/pi/kaslr_early.o
  DTC     arch/arm64/boot/dts/qcom/sc7280-herobrine-zombie.dtb
  DTC     arch/arm64/boot/dts/qcom/sc7280-herobrine-zombie-lte.dtb
  DTC     arch/arm64/boot/dts/qcom/sc7280-herobrine-zombie-nvme.dtb
  OBJCOPY arch/arm64/kernel/pi/idreg-override.pi.o
  OBJCOPY arch/arm64/kernel/pi/map_kernel.pi.o
  OBJCOPY arch/arm64/kernel/pi/map_range.pi.o
  OBJCOPY arch/arm64/kernel/pi/lib-fdt.pi.o
  OBJCOPY arch/arm64/kernel/pi/lib-fdt_ro.pi.o
  OBJCOPY arch/arm64/kernel/pi/relocate.pi.o
  OBJCOPY arch/arm64/kernel/pi/kaslr_early.pi.o
  AS      arch/arm64/mm/cache.o
  AR      arch/arm64/kernel/pi/built-in.a
  CC      arch/arm64/kernel/debug-monitors.o
  DTC     arch/arm64/boot/dts/qcom/sc7280-herobrine-zombie-nvme-lte.dtb
  CC      arch/arm64/mm/copypage.o
  DTC     arch/arm64/boot/dts/qcom/sc7280-idp.dtb
  DTC     arch/arm64/boot/dts/qcom/sc7280-idp2.dtb
  DTC     arch/arm64/boot/dts/qcom/sc7280-crd-r3.dtb
  DTC     arch/arm64/boot/dts/qcom/sc8180x-lenovo-flex-5g.dtb
  DTC     arch/arm64/boot/dts/qcom/sc8180x-primus.dtb
  DTC     arch/arm64/boot/dts/qcom/sc8280xp-crd.dtb
  DTC     arch/arm64/boot/dts/qcom/sc8280xp-el2.dtbo
  CC      arch/arm64/mm/flush.o
  DTC     arch/arm64/boot/dts/qcom/sc8280xp-huawei-gaokun3.dtb
  AS      arch/arm64/kernel/entry.o
  DTC     arch/arm64/boot/dts/qcom/sc8280xp-lenovo-thinkpad-x13s.dtb
  CC      arch/arm64/kernel/irq.o
  DTC     arch/arm64/boot/dts/qcom/sc8280xp-microsoft-arcata.dtb
  DTC     arch/arm64/boot/dts/qcom/sc8280xp-microsoft-blackrock.dtb
  DTC     arch/arm64/boot/dts/qcom/sda660-inforce-ifc6560.dtb
  DTC     arch/arm64/boot/dts/qcom/sdm450-lenovo-tbx605f.dtb
  DTC     arch/arm64/boot/dts/qcom/sdm450-motorola-ali.dtb
  DTC     arch/arm64/boot/dts/qcom/sdm630-sony-xperia-ganges-kirin.dtb
  DTC     arch/arm64/boot/dts/qcom/sdm630-sony-xperia-nile-discovery.dtb
  CC      arch/arm64/mm/ioremap.o
  DTC     arch/arm64/boot/dts/qcom/sdm630-sony-xperia-nile-pioneer.dtb
  DTC     arch/arm64/boot/dts/qcom/sdm630-sony-xperia-nile-voyager.dtb
  DTC     arch/arm64/boot/dts/qcom/sdm632-fairphone-fp3.dtb
  DTC     arch/arm64/boot/dts/qcom/sdm632-motorola-ocean.dtb
  DTC     arch/arm64/boot/dts/qcom/sdm636-sony-xperia-ganges-mermaid.dtb
  CC      arch/arm64/kernel/fpsimd.o
  DTC     arch/arm64/boot/dts/qcom/sdm660-xiaomi-lavender.dtb
  DTC     arch/arm64/boot/dts/qcom/sdm670-google-bonito-tianma.dtb
  DTC     arch/arm64/boot/dts/qcom/sdm670-google-sargo.dtb
  DTC     arch/arm64/boot/dts/qcom/sdm845-db845c.dtb
  DTC     arch/arm64/boot/dts/qcom/sdm845-db845c-navigation-mezzanine.dtbo
  DTC     arch/arm64/boot/dts/qcom/sdm845-google-crosshatch.dtb
  CC      arch/arm64/mm/mmap.o
  DTC     arch/arm64/boot/dts/qcom/sdm845-google-blueline.dtb
  DTC     arch/arm64/boot/dts/qcom/sdm845-lg-judyln.dtb
  AS      arch/arm64/net/bpf_timed_may_goto.o
  AR      arch/arm64/net/built-in.a
  CC      arch/arm64/xen/../../arm/xen/enlighten.o
  DTC     arch/arm64/boot/dts/qcom/sdm845-lg-judyp.dtb
  DTC     arch/arm64/boot/dts/qcom/sdm845-mtp.dtb
  DTC     arch/arm64/boot/dts/qcom/sdm845-oneplus-enchilada.dtb
  DTC     arch/arm64/boot/dts/qcom/sdm845-oneplus-fajita.dtb
  DTC     arch/arm64/boot/dts/qcom/sdm845-samsung-starqltechn.dtb
  CC      arch/arm64/mm/pgd.o
  DTC     arch/arm64/boot/dts/qcom/sdm845-sony-xperia-tama-akari.dtb
  DTC     arch/arm64/boot/dts/qcom/sdm845-sony-xperia-tama-akatsuki.dtb
  DTC     arch/arm64/boot/dts/qcom/sdm845-sony-xperia-tama-apollo.dtb
  DTC     arch/arm64/boot/dts/qcom/sdm845-xiaomi-beryllium-ebbg.dtb
  DTC     arch/arm64/boot/dts/qcom/sdm845-xiaomi-beryllium-tianma.dtb
  CC      arch/arm64/kernel/entry-common.o
  CC      arch/arm64/xen/../../arm/xen/grant-table.o
  DTC     arch/arm64/boot/dts/qcom/sdm845-xiaomi-polaris.dtb
  DTC     arch/arm64/boot/dts/qcom/sdm845-shift-axolotl.dtb
  DTC     arch/arm64/boot/dts/qcom/sdm850-huawei-matebook-e-2019.dtb
  DTC     arch/arm64/boot/dts/qcom/sdm850-lenovo-yoga-c630.dtb
  CC      arch/arm64/mm/mem_encrypt.o
  DTC     arch/arm64/boot/dts/qcom/sdm850-samsung-w737.dtb
  DTC     arch/arm64/boot/dts/qcom/sdx75-idp.dtb
  DTC     arch/arm64/boot/dts/qcom/shikra-cqm-evk.dtb
  DTC     arch/arm64/boot/dts/qcom/shikra-cqs-evk.dtb
  DTC     arch/arm64/boot/dts/qcom/shikra-iqs-evk.dtb
  DTC     arch/arm64/boot/dts/qcom/sm4250-oneplus-billie2.dtb
  CC      arch/arm64/xen/../../arm/xen/p2m.o
  DTC     arch/arm64/boot/dts/qcom/sm4450-qrd.dtb
  DTC     arch/arm64/boot/dts/qcom/sm6115-fxtec-pro1x.dtb
  DTC     arch/arm64/boot/dts/qcom/sm6115p-lenovo-j606f.dtb
  DTC     arch/arm64/boot/dts/qcom/sm6125-sony-xperia-seine-pdx201.dtb
  DTC     arch/arm64/boot/dts/qcom/sm6125-xiaomi-ginkgo.dtb
  DTC     arch/arm64/boot/dts/qcom/sm6125-xiaomi-laurel-sprout.dtb
  DTC     arch/arm64/boot/dts/qcom/sm6125-xiaomi-willow.dtb
  DTC     arch/arm64/boot/dts/qcom/sm6350-sony-xperia-lena-pdx213.dtb
  CC      arch/arm64/mm/mmu.o
  DTC     arch/arm64/boot/dts/qcom/sm6375-sony-xperia-murray-pdx225.dtb
  DTC     arch/arm64/boot/dts/qcom/sm7125-xiaomi-curtana.dtb
  DTC     arch/arm64/boot/dts/qcom/sm7125-xiaomi-joyeuse.dtb
  DTC     arch/arm64/boot/dts/qcom/sm7225-fairphone-fp4.dtb
  DTC     arch/arm64/boot/dts/qcom/sm7325-motorola-dubai.dtb
  DTC     arch/arm64/boot/dts/qcom/sm7325-motorola-dubai-csot.dtb
  CC      arch/arm64/kernel/process.o
  CC      arch/arm64/xen/../../arm/xen/mm.o
  DTC     arch/arm64/boot/dts/qcom/sm7325-motorola-dubai-tianma.dtb
  DTC     arch/arm64/boot/dts/qcom/sm7325-nothing-spacewar.dtb
  DTC     arch/arm64/boot/dts/qcom/sm7325-xiaomi-taoyao.dtb
  DTC     arch/arm64/boot/dts/qcom/sm8150-hdk.dtb
  DTC     arch/arm64/boot/dts/qcom/sm8150-microsoft-surface-duo.dtb
  DTC     arch/arm64/boot/dts/qcom/sm8150-mtp.dtb
  DTC     arch/arm64/boot/dts/qcom/sm8150-sony-xperia-kumano-bahamut.dtb
  DTC     arch/arm64/boot/dts/qcom/sm8150-sony-xperia-kumano-griffin.dtb
  AS      arch/arm64/xen/hypercall.o
  AR      arch/arm64/xen/built-in.a
  DTC     arch/arm64/boot/dts/qcom/sm8250-hdk.dtb
  CC      kernel/sched/core.o
  DTC     arch/arm64/boot/dts/qcom/sm8250-mtp.dtb
  DTC     arch/arm64/boot/dts/qcom/sm8250-samsung-r8q.dtb
  DTC     arch/arm64/boot/dts/qcom/sm8250-samsung-x1q.dtb
  DTC     arch/arm64/boot/dts/qcom/sm8250-sony-xperia-edo-pdx203.dtb
  CC      arch/arm64/kernel/ptrace.o
  DTC     arch/arm64/boot/dts/qcom/sm8250-sony-xperia-edo-pdx206.dtb
  DTC     arch/arm64/boot/dts/qcom/sm8250-xiaomi-elish-boe.dtb
  DTC     arch/arm64/boot/dts/qcom/sm8250-xiaomi-elish-csot.dtb
  DTC     arch/arm64/boot/dts/qcom/sm8250-xiaomi-pipa.dtb
  DTC     arch/arm64/boot/dts/qcom/sm8350-hdk.dtb
  DTC     arch/arm64/boot/dts/qcom/sm8350-microsoft-surface-duo2.dtb
  DTC     arch/arm64/boot/dts/qcom/sm8350-mtp.dtb
  CC      arch/arm64/mm/context.o
  DTC     arch/arm64/boot/dts/qcom/sm8350-sony-xperia-sagami-pdx214.dtb
  DTC     arch/arm64/boot/dts/qcom/sm8350-sony-xperia-sagami-pdx215.dtb
  DTC     arch/arm64/boot/dts/qcom/sm8450-hdk.dtb
  DTC     arch/arm64/boot/dts/qcom/sm8450-qrd.dtb
  DTC     arch/arm64/boot/dts/qcom/sm8450-samsung-r0q.dtb
  DTC     arch/arm64/boot/dts/qcom/sm8450-sony-xperia-nagara-pdx223.dtb
  DTC     arch/arm64/boot/dts/qcom/sm8450-sony-xperia-nagara-pdx224.dtb
  DTC     arch/arm64/boot/dts/qcom/sm8550-hdk.dtb
  DTC     arch/arm64/boot/dts/qcom/sm8550-hdk-display-card.dtbo
  DTC     arch/arm64/boot/dts/qcom/sm8550-hdk-rear-camera-card.dtbo
  OVL     arch/arm64/boot/dts/qcom/sm8550-hdk-display-card.dtb
  OVL     arch/arm64/boot/dts/qcom/sm8550-hdk-rear-camera-card.dtb
  DTC     arch/arm64/boot/dts/qcom/sm8550-mtp.dtb
  AS      arch/arm64/mm/proc.o
  DTC     arch/arm64/boot/dts/qcom/sm8550-qrd.dtb
  CC      arch/arm64/mm/pageattr.o
  DTC     arch/arm64/boot/dts/qcom/sm8550-samsung-q5q.dtb
  CC      arch/arm64/kernel/setup.o
  DTC     arch/arm64/boot/dts/qcom/sm8550-sony-xperia-yodo-pdx234.dtb
  DTC     arch/arm64/boot/dts/qcom/sm8650-ayaneo-pocket-s2.dtb
  DTC     arch/arm64/boot/dts/qcom/sm8650-hdk.dtb
  DTC     arch/arm64/boot/dts/qcom/sm8650-hdk-display-card.dtbo
  DTC     arch/arm64/boot/dts/qcom/sm8650-hdk-rear-camera-card.dtbo
  OVL     arch/arm64/boot/dts/qcom/sm8650-hdk-display-card.dtb
  OVL     arch/arm64/boot/dts/qcom/sm8650-hdk-rear-camera-card.dtb
  DTC     arch/arm64/boot/dts/qcom/sm8650-mtp.dtb
  DTC     arch/arm64/boot/dts/qcom/sm8650-qrd.dtb
  DTC     arch/arm64/boot/dts/qcom/sm8750-mtp.dtb
  CC      arch/arm64/mm/fixmap.o
  DTC     arch/arm64/boot/dts/qcom/sm8750-qrd.dtb
  CC      arch/arm64/kernel/signal.o
  DTC     arch/arm64/boot/dts/qcom/talos-evk.dtb
  DTC     arch/arm64/boot/dts/qcom/talos-evk-usb1-peripheral.dtbo
  DTC     arch/arm64/boot/dts/qcom/talos-evk-camera-imx577.dtbo
  DTC     arch/arm64/boot/dts/qcom/talos-evk-lvds-auo,g133han01.dtbo
  DTC     arch/arm64/boot/dts/qcom/x1e001de-devkit.dtb
  DTC     arch/arm64/boot/dts/qcom/x1e78100-lenovo-thinkpad-t14s.dtb
  DTC     arch/arm64/boot/dts/qcom/x1e78100-lenovo-thinkpad-t14s-oled.dtb
  CC      arch/arm64/mm/contpte.o
  DTC     arch/arm64/boot/dts/qcom/x1e80100-asus-vivobook-s15.dtb
  CC      kernel/sched/fair.o
  DTC     arch/arm64/boot/dts/qcom/x1e80100-asus-zenbook-a14.dtb
  DTC     arch/arm64/boot/dts/qcom/x1e80100-crd.dtb
  DTC     arch/arm64/boot/dts/qcom/x1e80100-dell-inspiron-14-plus-7441.dtb
  DTC     arch/arm64/boot/dts/qcom/x1e80100-dell-latitude-7455.dtb
  CC      arch/arm64/kernel/sys.o
  DTC     arch/arm64/boot/dts/qcom/x1e80100-dell-xps13-9345.dtb
  CC      arch/arm64/mm/hugetlbpage.o
  DTC     arch/arm64/boot/dts/qcom/x1e80100-hp-elitebook-ultra-g1q.dtb
  DTC     arch/arm64/boot/dts/qcom/x1e80100-hp-omnibook-x14.dtb
  DTC     arch/arm64/boot/dts/qcom/x1e80100-honor-magicbook-art-14.dtb
  DTC     arch/arm64/boot/dts/qcom/x1e80100-lenovo-yoga-slim7x.dtb
  CC      arch/arm64/kernel/stacktrace.o
  DTC     arch/arm64/boot/dts/qcom/x1e80100-medion-sprchrgd-14-s1.dtb
  DTC     arch/arm64/boot/dts/qcom/x1e80100-microsoft-denali-oled.dtb
  CC      arch/arm64/mm/trans_pgd.o
  DTC     arch/arm64/boot/dts/qcom/x1e80100-microsoft-romulus13.dtb
  DTC     arch/arm64/boot/dts/qcom/x1e80100-microsoft-romulus15.dtb
  DTC     arch/arm64/boot/dts/qcom/x1e80100-qcp.dtb
  DTC     arch/arm64/boot/dts/qcom/x1p42100-asus-vivobook-s15.dtb
  DTC     arch/arm64/boot/dts/qcom/x1p42100-asus-zenbook-a14.dtb
  CC      arch/arm64/kernel/time.o
  DTC     arch/arm64/boot/dts/qcom/x1p42100-asus-zenbook-a14-lcd.dtb
  AS      arch/arm64/mm/trans_pgd-asm.o
  CC      arch/arm64/mm/mteswap.o
  DTC     arch/arm64/boot/dts/qcom/x1p42100-crd.dtb
  DTC     arch/arm64/boot/dts/qcom/x1p42100-hp-omnibook-x14.dtb
  CC      arch/arm64/kernel/traps.o
  DTC     arch/arm64/boot/dts/qcom/x1p42100-lenovo-thinkbook-16.dtb
  CC      arch/arm64/mm/gcs.o
  DTC     arch/arm64/boot/dts/qcom/x1p64100-microsoft-denali.dtb
  DTC     arch/arm64/boot/dts/qcom/x1p42100-microsoft-sp12in.dtb
  OVL     arch/arm64/boot/dts/qcom/apq8016-sbc-d3-camera-mezzanine.dtb
  OVL     arch/arm64/boot/dts/qcom/apq8016-sbc-usb-host.dtb
  OVL     arch/arm64/boot/dts/qcom/hamoa-iot-evk-el2.dtb
  OVL     arch/arm64/boot/dts/qcom/lemans-evk-camera-csi1-imx577.dtb
  OVL     arch/arm64/boot/dts/qcom/lemans-evk-camera.dtb
  OVL     arch/arm64/boot/dts/qcom/lemans-evk-el2.dtb
  OVL     arch/arm64/boot/dts/qcom/lemans-evk-ifp-mezzanine.dtb
  OVL     arch/arm64/boot/dts/qcom/monaco-evk-camera-imx577.dtb
  CC      arch/arm64/kernel/io.o
  OVL     arch/arm64/boot/dts/qcom/monaco-evk-el2.dtb
  OVL     arch/arm64/boot/dts/qcom/monaco-evk-ifp-mezzanine.dtb
  OVL     arch/arm64/boot/dts/qcom/purwa-iot-evk-el2.dtb
  OVL     arch/arm64/boot/dts/qcom/qcs615-ride-el2.dtb
  OVL     arch/arm64/boot/dts/qcom/qcs6490-rb3gen2-industrial-mezzanine.dtb
  OVL     arch/arm64/boot/dts/qcom/qcs6490-rb3gen2-vision-mezzanine.dtb
  OVL     arch/arm64/boot/dts/qcom/qcs8300-ride-el2.dtb
  OVL     arch/arm64/boot/dts/qcom/qcs9100-ride-el2.dtb
  OVL     arch/arm64/boot/dts/qcom/qcs9100-ride-r3-el2.dtb
  AR      arch/arm64/mm/built-in.a
  OVL     arch/arm64/boot/dts/qcom/qrb2210-rb1-vision-mezzanine.dtb
  CC      certs/system_keyring.o
  OVL     arch/arm64/boot/dts/qcom/qrb5165-rb5-vision-mezzanine.dtb
  OVL     arch/arm64/boot/dts/qcom/sc7180-acer-aspire1-el2.dtb
  OVL     arch/arm64/boot/dts/qcom/sc7180-ecs-liva-qc710-el2.dtb
  OVL     arch/arm64/boot/dts/qcom/sc8280xp-crd-el2.dtb
  OVL     arch/arm64/boot/dts/qcom/sc8280xp-huawei-gaokun3-el2.dtb
  OVL     arch/arm64/boot/dts/qcom/sc8280xp-lenovo-thinkpad-x13s-el2.dtb
  OVL     arch/arm64/boot/dts/qcom/sc8280xp-microsoft-arcata-el2.dtb
  OVL     arch/arm64/boot/dts/qcom/sc8280xp-microsoft-blackrock-el2.dtb
  OVL     arch/arm64/boot/dts/qcom/sdm845-db845c-navigation-mezzanine.dtb
  OVL     arch/arm64/boot/dts/qcom/sm8550-hdk-display-card-rear-camera-card.dtb
  OVL     arch/arm64/boot/dts/qcom/sm8650-hdk-display-card-rear-camera-card.dtb
  OVL     arch/arm64/boot/dts/qcom/talos-evk-el2.dtb
  OVL     arch/arm64/boot/dts/qcom/talos-evk-usb1-peripheral.dtb
  OVL     arch/arm64/boot/dts/qcom/talos-evk-camera-imx577.dtb
  OVL     arch/arm64/boot/dts/qcom/talos-evk-lvds-auo,g133han01.dtb
  CC      arch/arm64/kernel/vdso.o
  OVL     arch/arm64/boot/dts/qcom/x1e001de-devkit-el2.dtb
  OVL     arch/arm64/boot/dts/qcom/x1e78100-lenovo-thinkpad-t14s-el2.dtb
  OVL     arch/arm64/boot/dts/qcom/x1e78100-lenovo-thinkpad-t14s-oled-el2.dtb
  OVL     arch/arm64/boot/dts/qcom/x1e80100-asus-vivobook-s15-el2.dtb
  HOSTCC  certs/extract-cert
  OVL     arch/arm64/boot/dts/qcom/x1e80100-asus-zenbook-a14-el2.dtb
  OVL     arch/arm64/boot/dts/qcom/x1e80100-crd-el2.dtb
  OVL     arch/arm64/boot/dts/qcom/x1e80100-dell-inspiron-14-plus-7441-el2.dtb
  OVL     arch/arm64/boot/dts/qcom/x1e80100-dell-latitude-7455-el2.dtb
  OVL     arch/arm64/boot/dts/qcom/x1e80100-dell-xps13-9345-el2.dtb
  OVL     arch/arm64/boot/dts/qcom/x1e80100-hp-elitebook-ultra-g1q-el2.dtb
  OVL     arch/arm64/boot/dts/qcom/x1e80100-hp-omnibook-x14-el2.dtb
  OVL     arch/arm64/boot/dts/qcom/x1e80100-honor-magicbook-art-14-el2.dtb
  CERT    certs/x509_certificate_list
  CERT    certs/signing_key.x509
  AS      certs/system_certificates.o
  OVL     arch/arm64/boot/dts/qcom/x1e80100-lenovo-yoga-slim7x-el2.dtb
  OVL     arch/arm64/boot/dts/qcom/x1e80100-medion-sprchrgd-14-s1-el2.dtb
  AR      certs/built-in.a
  CC      kernel/sched/build_policy.o
  OVL     arch/arm64/boot/dts/qcom/x1e80100-microsoft-denali-oled-el2.dtb
  OVL     arch/arm64/boot/dts/qcom/x1e80100-microsoft-romulus13-el2.dtb
  OVL     arch/arm64/boot/dts/qcom/x1e80100-microsoft-romulus15-el2.dtb
  OVL     arch/arm64/boot/dts/qcom/x1e80100-qcp-el2.dtb
  OVL     arch/arm64/boot/dts/qcom/x1p42100-asus-vivobook-s15-el2.dtb
  OVL     arch/arm64/boot/dts/qcom/x1p42100-asus-zenbook-a14-el2.dtb
  OVL     arch/arm64/boot/dts/qcom/x1p42100-asus-zenbook-a14-lcd-el2.dtb
  OVL     arch/arm64/boot/dts/qcom/x1p42100-crd-el2.dtb
  OVL     arch/arm64/boot/dts/qcom/x1p42100-hp-omnibook-x14-el2.dtb
  OVL     arch/arm64/boot/dts/qcom/x1p42100-lenovo-thinkbook-16-el2.dtb
  AS      arch/arm64/kernel/hyp-stub.o
  OVL     arch/arm64/boot/dts/qcom/x1p64100-microsoft-denali-el2.dtb
  OVL     arch/arm64/boot/dts/qcom/x1p42100-microsoft-sp12in-el2.dtb
  CC      arch/arm64/kernel/psci.o
  CC      arch/arm64/kernel/cpu_ops.o
  CC      kernel/sched/build_utility.o
  CC      kernel/locking/mutex.o
  CC      arch/arm64/kernel/return_address.o
  CC      arch/arm64/kernel/cpuinfo.o
  CC      kernel/locking/semaphore.o
  CC      arch/arm64/kernel/cpu_errata.o
  CC      kernel/locking/rwsem.o
  CC      arch/arm64/kernel/cpufeature.o
  CC      kernel/locking/percpu-rwsem.o
  CC      kernel/locking/spinlock.o
  CC      arch/arm64/crypto/ghash-ce-glue.o
  CC      arch/arm64/kernel/alternative.o
  CC      kernel/locking/osq_lock.o
  AS      arch/arm64/crypto/ghash-ce-core.o
  CC      kernel/locking/qspinlock.o
  CC      arch/arm64/crypto/aes-ce-ccm-glue.o
  CC      arch/arm64/kernel/cacheinfo.o
  AR      kernel/sched/built-in.a
  CC      kernel/locking/rtmutex_api.o
  CC      mm/filemap.o
  AS      arch/arm64/crypto/aes-ce-ccm-core.o
  CC      arch/arm64/crypto/aes-glue-ce.o
  CC      arch/arm64/kernel/smp.o
  CC      kernel/locking/qrwlock.o
  AR      arch/arm64/crypto/built-in.a
  CC      mm/mempool.o
  AR      kernel/locking/built-in.a
  CC      kernel/power/qos.o
  CC      arch/arm64/kernel/smp_spin_table.o
  CC      kernel/printk/printk.o
  CC      arch/arm64/kernel/topology.o
  CC      kernel/power/main.o
  CC      mm/oom_kill.o
  AS      arch/arm64/kernel/smccc-call.o
  CC      arch/arm64/kernel/syscall.o
  CC      kernel/power/console.o
  CC      arch/arm64/kernel/proton-pack.o
  CC      kernel/printk/printk_safe.o
  CC      mm/fadvise.o
  CC      kernel/power/process.o
  CC      kernel/printk/nbcon.o
  CC      arch/arm64/kernel/idle.o
  CC      kernel/power/suspend.o
  CC      mm/maccess.o
  CC      arch/arm64/kernel/patching.o
  CC      kernel/printk/printk_ringbuffer.o
  CC      mm/page-writeback.o
  CC      arch/arm64/kernel/rsi.o
  CC      kernel/power/autosleep.o
  CC      kernel/printk/sysctl.o
  AR      kernel/printk/built-in.a
  CC      kernel/irq/irqdesc.o
  CC      arch/arm64/kernel/jump_label.o
  CC      arch/arm64/kernel/sys32.o
  CC      kernel/power/wakelock.o
  CC      kernel/irq/handle.o
  CC      arch/arm64/kernel/signal32.o
  CC      mm/folio-compat.o
  CC      kernel/power/poweroff.o
  CC      kernel/power/energy_model.o
  CC      kernel/irq/manage.o
  CC      mm/readahead.o
  CC      arch/arm64/kernel/sys_compat.o
  CC      kernel/power/em_netlink_autogen.o
  CC      mm/folio.o
  CC      kernel/irq/spurious.o
  AS      arch/arm64/kernel/sigreturn32.o
  AS      arch/arm64/kernel/kuser32.o
  CC      arch/arm64/kernel/module.o
  CC      kernel/power/em_netlink.o
  CC      kernel/irq/resend.o
  CC      arch/arm64/kernel/module-plts.o
  AR      kernel/power/built-in.a
  CC      fs/notify/dnotify/dnotify.o
  CC      kernel/irq/chip.o
  CC      mm/truncate.o
  CC      arch/arm64/kernel/perf_regs.o
  AR      fs/notify/dnotify/built-in.a
  CC      fs/notify/inotify/inotify_fsnotify.o
  CC      arch/arm64/kernel/perf_callchain.o
  CC      kernel/irq/dummychip.o
  CC      mm/vmscan.o
  CC      fs/notify/inotify/inotify_user.o
  CC      kernel/irq/devres.o
  CC      arch/arm64/kernel/hw_breakpoint.o
  CC      kernel/irq/kexec.o
  AR      fs/notify/inotify/built-in.a
  CC      fs/notify/fanotify/fanotify.o
  AS      arch/arm64/kernel/sleep.o
  CC      arch/arm64/kernel/suspend.o
  CC      kernel/irq/autoprobe.o
  CC      fs/notify/fanotify/fanotify_user.o
  CC      kernel/irq/irqdomain.o
  CC      arch/arm64/kernel/efi.o
  CC      mm/shrinker.o
  AS      arch/arm64/kernel/efi-rt-wrapper.o
  CC      arch/arm64/kernel/pci.o
  CC      kernel/irq/proc.o
  CC      mm/shmem.o
  AR      fs/notify/fanotify/built-in.a
  CC      fs/notify/fsnotify.o
  CC      arch/arm64/kernel/paravirt.o
  CC      kernel/irq/cpuhotplug.o
  CC      arch/arm64/kernel/kaslr.o
  CC      arch/arm64/kernel/elfcore.o
  CC      fs/notify/notification.o
  CC      kernel/irq/pm.o
  CC      arch/arm64/kernel/machine_kexec.o
  CC      fs/notify/group.o
  CC      kernel/irq/msi.o
  AS      arch/arm64/kernel/relocate_kernel.o
  AS      arch/arm64/kernel/cpu-reset.o
  CC      arch/arm64/kernel/machine_kexec_file.o
  CC      fs/notify/mark.o
  CC      arch/arm64/kernel/kexec_image.o
  CC      mm/util.o
  CC      kernel/irq/ipi.o
  CC      fs/notify/fdinfo.o
  CC      arch/arm64/kernel/crash_dump.o
  CC      kernel/irq/affinity.o
  AR      fs/notify/built-in.a
  CC      fs/nfs_common/grace.o
  CC      arch/arm64/kernel/vmcore_info.o
  AR      kernel/irq/built-in.a
  CC      mm/mmzone.o
  CC      kernel/rcu/update.o
  CC      arch/arm64/kernel/sdei.o
  CC      fs/nfs_common/nfs_ssc.o
  CC      mm/vmstat.o
  CC      arch/arm64/kernel/pointer_auth.o
  CC      kernel/rcu/sync.o
  CC      kernel/rcu/srcutree.o
  CC      fs/nfs_common/common.o
  CC      arch/arm64/kernel/mte.o
  CC      mm/backing-dev.o
  AR      fs/nfs_common/built-in.a
  CC      fs/iomap/trace.o
  AS      arch/arm64/kernel/vdso-wrap.o
  AS      arch/arm64/kernel/head.o
  CC      kernel/rcu/tree.o
  LDS     arch/arm64/kernel/vmlinux.lds
  AR      arch/arm64/kernel/built-in.a
  AR      arch/arm64/built-in.a
  CC      fs/iomap/iter.o
  CC      fs/quota/dquot.o
  CC      mm/mm_init.o
  CC      fs/iomap/buffered-io.o
  CC      mm/percpu.o
  CC      fs/quota/quota_v2.o
  CC      fs/iomap/direct-io.o
  CC      fs/quota/quota_tree.o
  CC      kernel/rcu/rcu_segcblist.o
  CC      fs/iomap/ioend.o
  CC      fs/quota/quota.o
  AR      kernel/rcu/built-in.a
  AR      kernel/livepatch/built-in.a
  AR      kernel/liveupdate/built-in.a
  CC      kernel/dma/mapping.o
  CC      mm/slab_common.o
  CC      fs/iomap/fiemap.o
  CC      fs/quota/kqid.o
  CC      fs/iomap/seek.o
  CC      kernel/dma/direct.o
  AR      fs/quota/built-in.a
  CC      kernel/entry/common.o
  CC      mm/compaction.o
  CC      fs/iomap/bio.o
  CC      kernel/dma/ops_helpers.o
  AR      kernel/entry/built-in.a
  CC      kernel/dma/dummy.o
  CC      fs/iomap/swapfile.o
  CC      kernel/dma/contiguous.o
  CC      ipc/compat.o
  AR      fs/iomap/built-in.a
  CC      fs/proc/task_mmu.o
  CC      kernel/dma/coherent.o
  CC      mm/show_mem.o
  CC      ipc/util.o
  CC      kernel/dma/swiotlb.o
  CC      mm/interval_tree.o
  CC      ipc/msgutil.o
  CC      mm/list_lru.o
  CC      kernel/dma/pool.o
  CC      fs/proc/inode.o
  CC      ipc/msg.o
  CC      kernel/dma/remap.o
  CC      fs/proc/root.o
  CC      mm/workingset.o
  CC      ipc/sem.o
  AR      kernel/dma/built-in.a
  AR      kernel/unwind/built-in.a
  CC      kernel/module/main.o
  CC      fs/proc/base.o
  CC      mm/debug.o
  CC      mm/gup.o
  CC      ipc/shm.o
  CC      kernel/module/strict_rwx.o
  CC      kernel/module/kmod.o
  CC      fs/proc/generic.o
  CC      ipc/syscall.o
  CC      kernel/module/tree_lookup.o
  CC      fs/proc/array.o
  CC      mm/mmap_lock.o
  CC      ipc/ipc_sysctl.o
  CC      kernel/module/kallsyms.o
  CC      ipc/mqueue.o
  CC      mm/vma_init.o
  CC      kernel/module/procfs.o
  CC      fs/proc/fd.o
  CC      kernel/module/sysfs.o
  CC      mm/highmem.o
  CC      fs/proc/proc_tty.o
  AR      kernel/module/built-in.a
  CC      kernel/time/time.o
  CC      mm/memory.o
  CC      ipc/namespace.o
  CC      fs/proc/cmdline.o
  CC      fs/proc/consoles.o
  CC      ipc/mq_sysctl.o
  CC      kernel/time/timer.o
  AR      ipc/built-in.a
  CC      fs/proc/cpuinfo.o
  CC      kernel/futex/core.o
  CC      fs/proc/devices.o
  CC      kernel/time/hrtimer.o
  CC      fs/proc/loadavg.o
  CC      kernel/futex/syscalls.o
  CC      fs/proc/meminfo.o
  CC      kernel/time/sleep_timeout.o
  CC      kernel/futex/pi.o
  CC      fs/proc/stat.o
  CC      kernel/time/timekeeping.o
  CC      fs/proc/uptime.o
  CC      kernel/futex/requeue.o
  CC      fs/proc/util.o
  CC      kernel/futex/waitwake.o
  CC      fs/proc/version.o
  CC      kernel/time/ntp.o
  CC      mm/mincore.o
  AR      kernel/futex/built-in.a
  CC      fs/kernfs/mount.o
  CC      fs/proc/softirqs.o
  CC      kernel/time/clocksource.o
  CC      mm/mlock.o
  CC      fs/proc/namespaces.o
  CC      fs/kernfs/inode.o
  CC      kernel/time/jiffies.o
  CC      fs/proc/self.o
  CC      fs/kernfs/dir.o
  CC      kernel/time/timer_list.o
  CC      mm/mmap.o
  CC      fs/proc/thread_self.o
  CC      kernel/time/timeconv.o
  CC      fs/proc/proc_sysctl.o
  CC      kernel/time/timecounter.o
  CC      fs/kernfs/file.o
  CC      kernel/time/alarmtimer.o
  CC      mm/mmu_gather.o
  CC      kernel/time/posix-timers.o
  CC      fs/kernfs/symlink.o
  CC      fs/proc/proc_net.o
  CC      mm/mprotect.o
  AR      fs/kernfs/built-in.a
  CC      security/keys/gc.o
  CC      fs/proc/vmcore.o
  CC      kernel/time/posix-cpu-timers.o
  CC      security/keys/key.o
  CC      fs/proc/kmsg.o
  CC      mm/mremap.o
  CC      kernel/time/posix-clock.o
  CC      fs/proc/page.o
  CC      security/keys/keyring.o
  CC      kernel/time/itimer.o
  CC      fs/proc/bootconfig.o
  CC      mm/msync.o
  AR      fs/proc/built-in.a
  CC      fs/sysfs/file.o
  CC      kernel/time/clockevents.o
  CC      security/keys/keyctl.o
  CC      mm/page_vma_mapped.o
  CC      fs/sysfs/dir.o
  CC      kernel/time/tick-common.o
  CC      fs/sysfs/symlink.o
  CC      security/keys/permission.o
  CC      mm/pagewalk.o
  CC      kernel/time/tick-broadcast.o
  CC      fs/sysfs/mount.o
  CC      security/keys/process_keys.o
  CC      kernel/time/tick-broadcast-hrtimer.o
  CC      mm/pgtable-generic.o
  CC      fs/sysfs/group.o
  CC      security/keys/request_key.o
  CC      kernel/time/sched_clock.o
  AR      fs/sysfs/built-in.a
  CC      fs/configfs/inode.o
  CC      kernel/time/tick-oneshot.o
  CC      mm/rmap.o
  CC      security/keys/request_key_auth.o
  CC      fs/configfs/file.o
  CC      kernel/time/tick-sched.o
  CC      security/keys/user_defined.o
  CC      fs/configfs/dir.o
  CC      kernel/time/timer_migration.o
  CC      security/keys/compat.o
  CC      fs/configfs/symlink.o
  CC      security/keys/compat_dh.o
  CC      mm/vmalloc.o
  CC      kernel/time/vsyscall.o
  CC      fs/configfs/mount.o
  CC      security/keys/proc.o
  CC      kernel/time/timekeeping_debug.o
  CC      security/keys/sysctl.o
  CC      fs/configfs/item.o
  CC      kernel/time/namespace.o
  CC      security/keys/dh.o
  AR      fs/configfs/built-in.a
  CC      fs/devpts/inode.o
  CC      kernel/time/namespace_vdso.o
  CC      security/keys/keyctl_pkey.o
  AR      kernel/time/built-in.a
  CC      kernel/cgroup/cgroup.o
  AR      fs/devpts/built-in.a
  CC      fs/ext4/balloc.o
  AR      security/keys/built-in.a
  CC      security/landlock/setup.o
  CC      mm/vma.o
  CC      fs/ext4/bitmap.o
  CC      security/landlock/syscalls.o
  CC      fs/ext4/block_validity.o
  CC      mm/vma_exec.o
  CC      security/landlock/object.o
  CC      fs/ext4/dir.o
  CC      security/landlock/ruleset.o
  CC      mm/process_vm_access.o
  CC      kernel/cgroup/rstat.o
  CC      fs/ext4/ext4_jbd2.o
  CC      security/landlock/cred.o
  CC      mm/mseal.o
  CC      kernel/cgroup/namespace.o
  CC      fs/ext4/extents.o
  CC      mm/page_alloc.o
  CC      security/landlock/task.o
  CC      kernel/cgroup/cgroup-v1.o
  CC      security/landlock/fs.o
  CC      kernel/cgroup/freezer.o
  CC      kernel/cgroup/legacy_freezer.o
  CC      fs/ext4/extents_status.o
  CC      security/landlock/tsync.o
  CC      kernel/cgroup/pids.o
  CC      fs/ext4/file.o
  CC      kernel/cgroup/cpuset.o
  CC      security/landlock/domain.o
  CC      mm/page_frag_cache.o
  CC      mm/init-mm.o
  CC      fs/ext4/fsmap.o
  CC      security/landlock/net.o
  CC      mm/memblock.o
  CC      fs/ext4/fsync.o
  AR      kernel/cgroup/built-in.a
  CC      kernel/trace/trace_clock.o
  AR      kernel/trace/built-in.a
  CC      kernel/bpf/core.o
  CC      security/landlock/id.o
  CC      fs/ext4/hash.o
  CC      mm/memory_hotplug.o
  CC      security/landlock/log.o
  CC      fs/ext4/ialloc.o
  CC      security/landlock/audit.o
  CC      mm/slub.o
  CC      fs/ext4/indirect.o
  CC      kernel/bpf/syscall.o
  AR      security/landlock/built-in.a
  CC      security/integrity/iint.o
  CC      security/integrity/integrity_audit.o
  CC      fs/ext4/inline.o
  CC      security/integrity/efi_secureboot.o
  AR      security/integrity/built-in.a
  CC      security/commoncap.o
  CC      fs/ext4/inode.o
  CC      security/lsm_syscalls.o
  CC      kernel/bpf/verifier.o
  CC      mm/madvise.o
  CC      security/min_addr.o
  CC      security/security.o
  CC      mm/page_io.o
  CC      fs/ext4/ioctl.o
  CC      mm/swap_state.o
  CC      fs/ext4/mballoc.o
  CC      security/lsm_notifier.o
  CC      security/lsm_init.o
  CC      mm/swapfile.o
  CC      security/inode.o
  CC      security/lsm_audit.o
  CC      mm/dmapool.o
  CC      fs/ext4/migrate.o
  CC      security/device_cgroup.o
  CC      mm/hugetlb.o
  CC      fs/ext4/mmp.o
  AR      security/built-in.a
  CC      fs/jbd2/transaction.o
  CC      fs/ext4/move_extent.o
  CC      fs/ext4/namei.o
  CC      fs/jbd2/commit.o
  CC      kernel/bpf/inode.o
  CC      fs/jbd2/recovery.o
  CC      mm/hugetlb_sysfs.o
  CC      kernel/bpf/helpers.o
  CC      fs/jbd2/checkpoint.o
  CC      mm/hugetlb_sysctl.o
  CC      fs/ext4/page-io.o
  CC      mm/hugetlb_cma.o
  CC      fs/jbd2/revoke.o
  CC      fs/ext4/readpage.o
  CC      mm/mempolicy.o
  CC      fs/jbd2/journal.o
  CC      fs/ext4/resize.o
  CC      kernel/bpf/tnum.o
  CC      kernel/bpf/cnum.o
  CC      kernel/bpf/log.o
  AR      fs/jbd2/built-in.a
  CC      kernel/bpf/token.o
  CC      fs/ext4/super.o
  CC      mm/sparse.o
  CC      crypto/asymmetric_keys/asymmetric_type.o
  CC      kernel/bpf/liveness.o
  CC      crypto/asymmetric_keys/restrict.o
  CC      mm/sparse-vmemmap.o
  CC      crypto/asymmetric_keys/signature.o
  CC      crypto/asymmetric_keys/public_key.o
  CC      mm/mmu_notifier.o
  CC      kernel/bpf/const_fold.o
  ASN.1   crypto/asymmetric_keys/x509.asn1.[ch]
  ASN.1   crypto/asymmetric_keys/x509_akid.asn1.[ch]
  CC      crypto/asymmetric_keys/x509_loader.o
  CC      crypto/asymmetric_keys/x509_public_key.o
  CC      mm/ksm.o
  CC      fs/ext4/symlink.o
  ASN.1   crypto/asymmetric_keys/pkcs8.asn1.[ch]
  ASN.1   crypto/asymmetric_keys/pkcs7.asn1.[ch]
  CC      crypto/asymmetric_keys/pkcs7_trust.o
  CC      kernel/bpf/diagnostics.o
  CC      crypto/asymmetric_keys/pkcs7_verify.o
  CC      fs/ext4/sysfs.o
  CC      crypto/asymmetric_keys/x509.asn1.o
  CC      crypto/asymmetric_keys/x509_akid.asn1.o
  CC      crypto/asymmetric_keys/x509_cert_parser.o
  CC      fs/ext4/xattr.o
  CC      crypto/asymmetric_keys/pkcs8.asn1.o
  CC      crypto/asymmetric_keys/pkcs8_parser.o
  CC      kernel/bpf/bpf_iter.o
  CC      mm/memtest.o
  CC      crypto/asymmetric_keys/pkcs7.asn1.o
  CC      crypto/asymmetric_keys/pkcs7_parser.o
  CC      mm/migrate.o
  AR      crypto/asymmetric_keys/built-in.a
  CC      crypto/krb5/krb5_kdf.o
  CC      kernel/bpf/map_iter.o
  CC      crypto/krb5/krb5_api.o
  CC      fs/ext4/xattr_hurd.o
  CC      crypto/krb5/rfc3961_simplified.o
  CC      kernel/bpf/task_iter.o
  CC      fs/ext4/xattr_trusted.o
  CC      mm/memory-tiers.o
  CC      fs/ext4/xattr_user.o
  CC      crypto/krb5/rfc3962_aes.o
  CC      kernel/bpf/prog_iter.o
  CC      fs/ext4/fast_commit.o
  CC      crypto/krb5/rfc6803_camellia.o
  CC      mm/huge_memory.o
  CC      crypto/krb5/rfc8009_aes2.o
  CC      kernel/bpf/link_iter.o
  AR      crypto/krb5/built-in.a
  CC      crypto/api.o
  CC      kernel/bpf/hashtab.o
  CC      fs/ext4/orphan.o
  CC      crypto/cipher.o
  CC      fs/ext4/acl.o
  CC      crypto/algapi.o
  CC      fs/ext4/xattr_security.o
  CC      mm/khugepaged.o
  CC      crypto/scatterwalk.o
  AR      fs/ext4/built-in.a
  CC      fs/squashfs/block.o
  CC      crypto/proc.o
  CC      kernel/bpf/arraymap.o
  CC      fs/squashfs/cache.o
  CC      crypto/aead.o
  CC      fs/squashfs/dir.o
  CC      mm/page_counter.o
  CC      crypto/geniv.o
  CC      kernel/bpf/percpu_freelist.o
  CC      fs/squashfs/export.o
  CC      mm/memcontrol.o
  CC      kernel/bpf/bpf_lru_list.o
  CC      fs/squashfs/file.o
  CC      crypto/lskcipher.o
  CC      kernel/bpf/lpm_trie.o
  CC      fs/squashfs/fragment.o
  CC      crypto/skcipher.o
  CC      fs/squashfs/id.o
  CC      kernel/bpf/map_in_map.o
  CC      fs/squashfs/inode.o
  CC      crypto/bpf_crypto_skcipher.o
  CC      kernel/bpf/bloom_filter.o
  CC      fs/squashfs/namei.o
  CC      crypto/echainiv.o
  CC      mm/vmpressure.o
  CC      fs/squashfs/super.o
  CC      kernel/bpf/local_storage.o
  CC      crypto/ahash.o
  CC      mm/bpf_memcontrol.o
  CC      fs/squashfs/symlink.o
  CC      mm/hugetlb_cgroup.o
  CC      crypto/shash.o
  CC      kernel/bpf/queue_stack_maps.o
  CC      fs/squashfs/decompressor.o
  CC      fs/squashfs/page_actor.o
  CC      kernel/bpf/ringbuf.o
  CC      crypto/akcipher.o
  CC      mm/memory-failure.o
  CC      fs/squashfs/file_cache.o
  CC      crypto/sig.o
  CC      kernel/bpf/bpf_insn_array.o
  CC      fs/squashfs/decompressor_single.o
  CC      crypto/kpp.o
  CC      fs/squashfs/xattr.o
  CC      kernel/bpf/bpf_local_storage.o
  CC      mm/page_isolation.o
  CC      fs/squashfs/xattr_id.o
  CC      crypto/dh.o
  CC      fs/squashfs/lz4_wrapper.o
  CC      mm/early_ioremap.o
  CC      crypto/dh_helper.o
  CC      kernel/bpf/bpf_task_storage.o
  ASN.1   crypto/rsapubkey.asn1.[ch]
  ASN.1   crypto/rsaprivkey.asn1.[ch]
  CC      crypto/rsa.o
  CC      fs/squashfs/lzo_wrapper.o
  CC      mm/cma.o
  CC      crypto/rsa_helper.o
  CC      fs/squashfs/xz_wrapper.o
  CC      kernel/bpf/fixups.o
  CC      crypto/rsa-pkcs1pad.o
  CC      mm/numa.o
  CC      fs/squashfs/zlib_wrapper.o
  CC      crypto/rsassa-pkcs1.o
  CC      mm/numa_memblks.o
  AR      fs/squashfs/built-in.a
  CC      fs/ramfs/inode.o
  CC      crypto/algboss.o
  CC      mm/arch_numa.o
  CC      fs/ramfs/file-mmu.o
  CC      kernel/bpf/cfg.o
  CC      mm/balloon.o
  CC      crypto/testmgr.o
  AR      fs/ramfs/built-in.a
  CC      fs/hugetlbfs/inode.o
  CC      crypto/crypto_user.o
  CC      mm/secretmem.o
  CC      kernel/bpf/states.o
  AR      fs/hugetlbfs/built-in.a
  CC      fs/fat/cache.o
  CC      crypto/cmac.o
  CC      mm/memfd.o
  CC      kernel/bpf/backtrack.o
  CC      crypto/hmac.o
  CC      fs/fat/dir.o
  CC      mm/page_reporting.o
  CC      crypto/sha1.o
  CC      kernel/bpf/check_btf.o
  CC      mm/ioremap.o
  CC      crypto/sha256.o
  CC      fs/fat/fatent.o
  CC      mm/execmem.o
  CC      crypto/sha512.o
  CC      kernel/bpf/disasm.o
  AR      mm/built-in.a
  CC      kernel/events/core.o
  CC      crypto/ecb.o
  CC      fs/fat/file.o
  CC      kernel/bpf/mprog.o
  CC      crypto/cbc.o
  CC      crypto/cts.o
  CC      fs/fat/inode.o
  CC      kernel/bpf/trampoline.o
  CC      crypto/xts.o
  CC      fs/fat/misc.o
  CC      crypto/ctr.o
  CC      kernel/bpf/btf.o
  CC      crypto/gcm.o
  CC      fs/fat/nfs.o
  CC      crypto/ccm.o
  CC      fs/fat/namei_vfat.o
  CC      crypto/aes.o
  AR      fs/fat/built-in.a
  CC      fs/nfs/filelayout/filelayout.o
  CC      crypto/camellia_generic.o
  CC      kernel/events/ring_buffer.o
  CC      fs/nfs/filelayout/filelayoutdev.o
  CC      crypto/authenc.o
  CC      kernel/events/callchain.o
  CC      kernel/bpf/memalloc.o
  AR      fs/nfs/filelayout/built-in.a
  CC      fs/nfs/flexfilelayout/flexfilelayout.o
  CC      kernel/events/hw_breakpoint.o
  CC      crypto/authencesn.o
  CC      kernel/bpf/rqspinlock.o
  CC      crypto/krb5enc.o
  AR      kernel/events/built-in.a
  CC      block/partitions/core.o
  CC      kernel/bpf/stream.o
  CC      fs/nfs/flexfilelayout/flexfilelayoutdev.o
  CC      crypto/rng.o
  CC      block/partitions/msdos.o
  CC      kernel/bpf/arena.o
  CC      crypto/kdf_sp800108.o
  CC      block/partitions/efi.o
  AR      fs/nfs/flexfilelayout/built-in.a
  CC      fs/nfs/client.o
  CC      crypto/rsapubkey.asn1.o
  CC      crypto/rsaprivkey.asn1.o
  AR      crypto/built-in.a
  CC      fs/exportfs/expfs.o
  AR      block/partitions/built-in.a
  CC      block/bdev.o
  AR      fs/exportfs/built-in.a
  CC      kernel/fork.o
  CC      kernel/bpf/range_tree.o
  CC      fs/nfs/dir.o
  CC      block/fops.o
  CC      kernel/bpf/dispatcher.o
  CC      block/bio.o
  CC      io_uring/io_uring.o
  CC      kernel/bpf/devmap.o
  CC      fs/nfs/file.o
  CC      kernel/bpf/cpumap.o
  CC      block/elevator.o
  CC      fs/nfs/getroot.o
  CC      block/blk-core.o
  CC      io_uring/opdef.o
  CC      kernel/bpf/offload.o
  CC      fs/nfs/inode.o
  CC      io_uring/kbuf.o
  CC      block/blk-sysfs.o
  CC      kernel/bpf/net_namespace.o
  CC      io_uring/rsrc.o
  CC      block/blk-flush.o
  CC      fs/nfs/super.o
  CC      kernel/bpf/tcx.o
  CC      block/blk-settings.o
  CC      io_uring/notif.o
  CC      kernel/bpf/stackmap.o
  CC      fs/nfs/io.o
  CC      block/blk-ioc.o
  CC      io_uring/tctx.o
  CC      block/blk-map.o
  CC      fs/nfs/direct.o
  CC      kernel/bpf/cgroup_iter.o
  CC      io_uring/filetable.o
  CC      io_uring/rw.o
  CC      block/blk-merge.o
  CC      kernel/bpf/bpf_cgrp_storage.o
  CC      fs/nfs/pagelist.o
  CC      kernel/bpf/cgroup.o
  CC      io_uring/poll.o
  CC      block/blk-timeout.o
  CC      block/blk-lib.o
  CC      fs/nfs/read.o
  CC      io_uring/tw.o
  CC      block/blk-mq.o
  CC      kernel/bpf/reuseport_array.o
  CC      fs/nfs/symlink.o
  CC      io_uring/wait.o
  CC      kernel/bpf/bpf_struct_ops.o
  CC      fs/nfs/unlink.o
  CC      io_uring/eventfd.o
  CC      io_uring/uring_cmd.o
  CC      kernel/bpf/cpumask.o
  CC      fs/nfs/write.o
  CC      block/blk-mq-tag.o
  CC      io_uring/openclose.o
  CC      kernel/bpf/crypto.o
  CC      block/blk-mq-dma.o
  CC      io_uring/sqpoll.o
  CC      kernel/bpf/relo_core.o
  CC      block/blk-stat.o
  CC      fs/nfs/namespace.o
  CC      block/blk-mq-sysfs.o
  CC      io_uring/xattr.o
  CC      kernel/bpf/btf_iter.o
  CC      fs/nfs/mount_clnt.o
  CC      block/blk-mq-cpumap.o
  CC      io_uring/nop.o
  CC      kernel/bpf/btf_relocate.o
  CC      block/blk-mq-sched.o
  CC      fs/nfs/nfstrace.o
  CC      io_uring/fs.o
  CC      kernel/bpf/kmem_cache_iter.o
  CC      io_uring/splice.o
  CC      block/ioctl.o
  CC      fs/nfs/export.o
  CC      kernel/bpf/dmabuf_iter.o
  CC      io_uring/sync.o
  CC      fs/nfs/sysfs.o
  CC      block/genhd.o
  AR      kernel/bpf/built-in.a
  CC      kernel/exec_domain.o
  CC      io_uring/msg_ring.o
  CC      kernel/exec_state.o
  CC      fs/nfs/fs_context.o
  CC      io_uring/advise.o
  CC      block/ioprio.o
  CC      kernel/panic.o
  CC      io_uring/statx.o
  CC      block/badblocks.o
  CC      kernel/cpu.o
  CC      fs/nfs/nfsroot.o
  CC      io_uring/timeout.o
  CC      block/blk-rq-qos.o
  CC      fs/nfs/sysctl.o
  CC      io_uring/cancel.o
  CC      block/disk-events.o
  CC      kernel/exit.o
  CC      block/blk-ia-ranges.o
  CC      fs/nfs/nfs3super.o
  CC      io_uring/waitid.o
  CC      block/early-lookup.o
  CC      io_uring/register.o
  CC      fs/nfs/nfs3client.o
  CC      kernel/softirq.o
  CC      block/bsg.o
  CC      kernel/resource.o
  CC      fs/nfs/nfs3proc.o
  CC      block/bsg-lib.o
  CC      io_uring/truncate.o
  CC      block/blk-cgroup.o
  CC      io_uring/memmap.o
  CC      kernel/sysctl.o
  CC      fs/nfs/nfs3xdr.o
  CC      io_uring/alloc_cache.o
  CC      kernel/capability.o
  CC      block/blk-cgroup-rwstat.o
  CC      io_uring/query.o
  CC      fs/nfs/nfs4proc.o
  CC      kernel/ptrace.o
  CC      block/blk-throttle.o
  CC      io_uring/loop.o
  CC      io_uring/zcrx.o
  CC      kernel/user.o
  CC      block/mq-deadline.o
  CC      kernel/signal.o
  CC      block/kyber-iosched.o
  CC      io_uring/io-wq.o
  CC      block/bfq-iosched.o
  CC      io_uring/futex.o
  CC      fs/nfs/nfs4xdr.o
  CC      kernel/sys.o
  CC      io_uring/epoll.o
  CC      block/bfq-wf2q.o
  CC      io_uring/napi.o
  CC      kernel/umh.o
  CC      block/bfq-cgroup.o
  CC      io_uring/net.o
  CC      kernel/workqueue.o
  CC      block/bio-integrity.o
  CC      fs/nfs/nfs4state.o
  CC      block/blk-integrity.o
  CC      io_uring/cmd_net.o
  CC      block/t10-pi.o
  CC      io_uring/fdinfo.o
  CC      kernel/pid.o
  CC      block/bio-integrity-auto.o
  CC      fs/nfs/nfs4renewd.o
  CC      io_uring/bpf_filter.o
  CC      block/bio-integrity-fs.o
  CC      fs/nfs/nfs4super.o
  AR      io_uring/built-in.a
  CC      kernel/task_work.o
  AS      arch/arm64/lib/clear_page.o
  AS      arch/arm64/lib/clear_user.o
  AS      arch/arm64/lib/copy_from_user.o
  CC      block/blk-mq-debugfs.o
  AS      arch/arm64/lib/copy_page.o
  AS      arch/arm64/lib/copy_to_user.o
  CC      arch/arm64/lib/csum.o
  CC      arch/arm64/lib/delay.o
  CC      kernel/extable.o
  CC      fs/nfs/nfs4file.o
  CC      block/blk-pm.o
  CC      arch/arm64/lib/insn.o
  AS      arch/arm64/lib/memchr.o
  CC      kernel/params.o
  AS      arch/arm64/lib/memcmp.o
  AS      arch/arm64/lib/memcpy.o
  CC      block/blk-crypto.o
  AS      arch/arm64/lib/memset.o
  AS      arch/arm64/lib/strchr.o
  AS      arch/arm64/lib/strcmp.o
  AS      arch/arm64/lib/strlen.o
  AS      arch/arm64/lib/strncmp.o
  AS      arch/arm64/lib/strnlen.o
  AS      arch/arm64/lib/strrchr.o
  AS      arch/arm64/lib/tishift.o
  CC      fs/nfs/delegation.o
  AS      arch/arm64/lib/mte.o
  AR      arch/arm64/lib/lib.a
  AR      arch/arm64/lib/built-in.a
  CC      fs/nfs/nfs4idmap.o
  CC      block/blk-crypto-profile.o
  CC      kernel/kthread.o
  CC      block/blk-crypto-sysfs.o
  CC      fs/lockd/clntlock.o
  CC      fs/nfs/callback.o
  CC      kernel/sys_ni.o
  CC      block/holder.o
  CC      kernel/nsproxy.o
  CC      fs/lockd/clntproc.o
  AR      block/built-in.a
  CC      fs/nls/nls_base.o
  CC      fs/nfs/callback_xdr.o
  CC      kernel/nstree.o
  CC      fs/nls/nls_cp437.o
  CC      fs/nls/nls_iso8859-1.o
  CC      fs/lockd/clntxdr.o
  CC      fs/nfs/callback_proc.o
  CC      fs/nls/nls_utf8.o
  CC      kernel/nscommon.o
  AR      fs/nls/built-in.a
  AR      lib/kunit/built-in.a
  AR      lib/math/tests/built-in.a
  CC      lib/math/div64.o
  CC      lib/math/gcd.o
  CC      fs/lockd/host.o
  CC      lib/math/lcm.o
  CC      kernel/notifier.o
  CC      lib/math/int_log.o
  CC      lib/math/int_pow.o
  CC      lib/math/int_sqrt.o
  CC      lib/math/reciprocal_div.o
  CC      lib/math/rational.o
  CC      fs/nfs/nfs4namespace.o
  CC      kernel/ksysfs.o
  AR      lib/math/built-in.a
  AR      lib/crc/tests/built-in.a
  CC      lib/crc/crc7.o
  CC      fs/lockd/svc.o
  CC      lib/crc/crc8.o
  CC      kernel/cred.o
  CC      fs/nfs/nfs4getroot.o
  CC      lib/crc/crc16.o
  CC      lib/crc/crc-itu-t.o
  CC      fs/lockd/svclock.o
  CC      kernel/reboot.o
  CC      fs/nfs/nfs4client.o
  CC      lib/crc/crc-t10dif-main.o
  AS      lib/crc/arm64/crc-t10dif-core.o
  HOSTCC  lib/crc/gen_crc32table
  AS      lib/crc/arm64/crc32-core.o
  HOSTCC  lib/crc/gen_crc64table
  CC      kernel/async.o
  CC      lib/crc/crc64-neon.o
  CC      fs/lockd/svcshare.o
  GEN     lib/crc/crc32table.h
  GEN     lib/crc/crc64table.h
  CC      lib/crc/crc32-main.o
  CC      kernel/range.o
  CC      fs/nfs/nfs4session.o
  CC      kernel/smpboot.o
  CC      lib/crc/crc64-main.o
  CC      kernel/ucount.o
  AR      lib/crc/built-in.a
  CC      fs/lockd/svcproc.o
  CC      lib/crypto/mpi/generic_mpih-lshift.o
  CC      fs/nfs/dns_resolve.o
  CC      kernel/regset.o
  CC      lib/crypto/mpi/generic_mpih-mul1.o
  CC      kernel/ksyms_common.o
  CC      lib/crypto/mpi/generic_mpih-mul2.o
  CC      fs/lockd/svcsubs.o
  CC      fs/nfs/nfs4trace.o
  CC      kernel/groups.o
  CC      lib/crypto/mpi/generic_mpih-mul3.o
  CC      lib/crypto/mpi/generic_mpih-rshift.o
  CC      fs/lockd/mon.o
  CC      fs/nfs/pnfs.o
  CC      kernel/kcmp.o
  CC      lib/crypto/mpi/generic_mpih-sub1.o
  CC      kernel/freezer.o
  CC      lib/crypto/mpi/generic_mpih-add1.o
  CC      fs/lockd/trace.o
  CC      lib/crypto/mpi/mpicoder.o
  CC      kernel/profile.o
  CC      fs/lockd/netlink.o
  CC      lib/crypto/mpi/mpi-add.o
  CC      kernel/stacktrace.o
  CC      fs/nfs/pnfs_dev.o
  CC      fs/lockd/nlm3xdr_gen.o
  CC      lib/crypto/mpi/mpi-bit.o
  CC      kernel/smp.o
  CC      lib/crypto/mpi/mpi-cmp.o
  CC      fs/nfs/pnfs_nfs.o
  CC      fs/lockd/clnt4xdr.o
  CC      kernel/uid16.o
  CC      lib/crypto/mpi/mpi-sub-ui.o
  CC      lib/crypto/mpi/mpi-div.o
  CC      kernel/kallsyms.o
  CC      fs/lockd/svc4proc.o
  CC      lib/crypto/mpi/mpi-mod.o
  CC      fs/nfs/nfs4sysctl.o
  CC      lib/crypto/mpi/mpi-mul.o
  CC      kernel/acct.o
  CC      fs/lockd/nlm4xdr_gen.o
  CC      fs/nfs/nfs40client.o
  CC      lib/crypto/mpi/mpih-cmp.o
  CC      lib/crypto/mpi/mpih-div.o
  CC      kernel/vmcore_info.o
  CC      fs/lockd/procfs.o
  CC      fs/nfs/nfs40proc.o
  CC      lib/crypto/mpi/mpih-mul.o
  CC      kernel/elfcorehdr.o
  AR      fs/lockd/built-in.a
  CC      lib/crypto/hash_info.o
  CC      kernel/crash_reserve.o
  CC      lib/crypto/mpi/mpi-pow.o
  CC      fs/nfs/nfs42proc.o
  CC      kernel/kexec_core.o
  AR      lib/tests/built-in.a
  CC      lib/crypto/mpi/mpiutil.o
  AR      drivers/cache/built-in.a
  CC      drivers/irqchip/irqchip.o
  CC      kernel/crash_core.o
  AR      lib/crypto/mpi/built-in.a
  CC      lib/crypto/memneq.o
  CC      drivers/irqchip/irq-gic.o
  CC      lib/crypto/utils.o
  CC      fs/nfs/nfs42xattr.o
  CC      kernel/kexec.o
  CC      lib/crypto/aes.o
  CC      drivers/irqchip/irq-gic-common.o
  CC      drivers/irqchip/irq-msi-lib.o
  CC      kernel/kexec_file.o
  AR      fs/nfs/built-in.a
  AR      fs/unicode/built-in.a
  CC      fs/autofs/init.o
  CC      drivers/irqchip/irq-gic-v2m.o
  AS      lib/crypto/arm64/aes-cipher-core.o
  AS      lib/crypto/arm64/aes-ce-core.o
  AS      lib/crypto/arm64/aes-ce.o
  AS      lib/crypto/arm64/aes-neon.o
  CC      lib/crypto/arc4.o
  CC      kernel/compat.o
  CC      fs/autofs/inode.o
  CC      lib/crypto/gf128mul.o
  CC      drivers/irqchip/irq-gic-v3.o
  CC      lib/crypto/blake2s.o
  CC      kernel/utsname.o
  CC      fs/autofs/root.o
  CC      lib/crypto/chacha-block-generic.o
  CC      kernel/user_namespace.o
  CC      drivers/irqchip/irq-gic-v3-mbi.o
  CC      lib/crypto/gf128hash.o
  CC      fs/autofs/symlink.o
  AS      lib/crypto/arm64/ghash-neon-core.o
  AS      lib/crypto/arm64/polyval-ce-core.o
  CC      lib/crypto/sha1.o
  CC      drivers/irqchip/irq-gic-its-msi-parent.o
  CC      fs/autofs/waitq.o
  CC      kernel/pid_namespace.o
  AS      lib/crypto/arm64/sha1-ce-core.o
  CC      lib/crypto/sha256.o
  CC      drivers/irqchip/irq-gic-v3-its.o
  CC      fs/autofs/expire.o
  UPD     kernel/config_data
  CC      kernel/stop_machine.o
  AS      lib/crypto/arm64/sha256-ce.o
  PERLASM lib/crypto/arm64/sha256-core.S
  CC      lib/crypto/sha512.o
  CC      fs/autofs/dev-ioctl.o
  AS      lib/crypto/arm64/sha512-ce-core.o
  PERLASM lib/crypto/arm64/sha512-core.S
  AS      lib/crypto/arm64/sha256-core.o
  AS      lib/crypto/arm64/sha512-core.o
  AR      lib/crypto/built-in.a
  CC      kernel/audit.o
  CC      lib/vdso/datastore.o
  AR      lib/vdso/built-in.a
  AR      lib/raid/xor/tests/built-in.a
  AR      lib/raid/xor/built-in.a
  AR      lib/raid/raid6/built-in.a
  AR      lib/raid/built-in.a
  CC      lib/zlib_inflate/inffast.o
  AR      fs/autofs/built-in.a
  AR      fs/hostfs/built-in.a
  CC      fs/debugfs/inode.o
  CC      lib/zlib_inflate/inflate.o
  CC      lib/zlib_inflate/infutil.o
  CC      drivers/irqchip/irq-gic-v4.o
  CC      lib/zlib_inflate/inftrees.o
  CC      fs/debugfs/file.o
  CC      lib/zlib_inflate/inflate_syms.o
  CC      kernel/auditfilter.o
  CC      drivers/irqchip/irq-gic-v5.o
  AR      lib/zlib_inflate/built-in.a
  CC      lib/zlib_deflate/deflate.o
  AR      fs/debugfs/built-in.a
  CC      fs/f2fs/dir.o
  CC      drivers/irqchip/irq-gic-v5-irs.o
  CC      lib/zlib_deflate/deftree.o
  CC      kernel/auditsc.o
  CC      lib/zlib_deflate/deflate_syms.o
  AR      lib/zlib_deflate/built-in.a
  CC      lib/reed_solomon/reed_solomon.o
  CC      drivers/irqchip/irq-gic-v5-its.o
  CC      fs/f2fs/file.o
  AR      lib/reed_solomon/built-in.a
  CC      lib/lzo/lzo1x_decompress_safe.o
  CC      kernel/audit_watch.o
  CC      drivers/irqchip/irq-gic-v5-iwb.o
  AR      lib/lzo/built-in.a
  CC      lib/lz4/lz4_decompress.o
  CC      kernel/audit_fsnotify.o
  CC      drivers/irqchip/irq-xilinx-intc.o
  CC      drivers/irqchip/qcom-pdc.o
  AR      lib/lz4/built-in.a
  CC      lib/zstd/zstd_decompress_module.o
  CC      kernel/audit_tree.o
  CC      lib/zstd/decompress/huf_decompress.o
  CC      drivers/irqchip/irq-qcom-mpm.o
  CC      fs/f2fs/inode.o
  CC      kernel/seccomp.o
  AR      drivers/irqchip/built-in.a
  CC      drivers/bus/mhi/host/init.o
  CC      lib/zstd/decompress/zstd_ddict.o
  CC      lib/zstd/decompress/zstd_decompress.o
  CC      fs/f2fs/namei.o
  CC      drivers/bus/mhi/host/main.o
  CC      lib/zstd/decompress/zstd_decompress_block.o
  CC      kernel/utsname_sysctl.o
  CC      kernel/taskstats.o
  CC      drivers/bus/mhi/host/pm.o
  CC      fs/f2fs/hash.o
  CC      lib/zstd/zstd_common_module.o
  CC      kernel/tsacct.o
  CC      lib/zstd/common/debug.o
  CC      lib/zstd/common/entropy_common.o
  CC      fs/f2fs/super.o
  CC      lib/zstd/common/error_private.o
  CC      kernel/irq_work.o
  CC      lib/zstd/common/fse_decompress.o
  CC      lib/zstd/common/zstd_common.o
  CC      drivers/bus/mhi/host/boot.o
  AR      lib/zstd/built-in.a
  CC      lib/xz/xz_dec_syms.o
  CC      kernel/cpu_pm.o
  CC      lib/xz/xz_dec_stream.o
  CC      kernel/padata.o
  AR      drivers/bus/mhi/host/built-in.a
  AR      drivers/bus/mhi/built-in.a
  CC      drivers/bus/arm-cci.o
  CC      lib/xz/xz_dec_lzma2.o
  CC      kernel/jump_label.o
  CC      drivers/bus/qcom-ebi2.o
  CC      lib/xz/xz_dec_bcj.o
  CC      drivers/bus/simple-pm-bus.o
  AR      lib/xz/built-in.a
  CC      lib/dim/dim.o
  CC      fs/f2fs/inline.o
  CC      kernel/context_tracking.o
  CC      lib/dim/net_dim.o
  CC      drivers/bus/vexpress-config.o
  CC      kernel/iomem.o
  AR      drivers/bus/built-in.a
  AR      drivers/phy/allwinner/built-in.a
  AR      drivers/phy/amlogic/built-in.a
  AR      drivers/phy/apple/built-in.a
  AR      drivers/phy/axiado/built-in.a
  AR      drivers/phy/broadcom/built-in.a
  AR      drivers/phy/cadence/built-in.a
  AR      drivers/phy/canaan/built-in.a
  AR      drivers/phy/eswin/built-in.a
  AR      drivers/phy/freescale/built-in.a
  AR      drivers/phy/hisilicon/built-in.a
  AR      drivers/phy/ingenic/built-in.a
  AR      drivers/phy/intel/built-in.a
  AR      drivers/phy/lantiq/built-in.a
  AR      drivers/phy/marvell/built-in.a
  AR      drivers/phy/mediatek/built-in.a
  AR      drivers/phy/microchip/built-in.a
  AR      drivers/phy/motorola/built-in.a
  AR      drivers/phy/mscc/built-in.a
  AR      drivers/phy/nuvoton/built-in.a
  CC      drivers/phy/qualcomm/phy-qcom-m31.o
  CC      lib/dim/rdma_dim.o
  CC      kernel/rseq.o
  CC      fs/f2fs/checkpoint.o
  AR      lib/dim/built-in.a
  CC      lib/fonts/fonts.o
  CC      drivers/phy/qualcomm/phy-qcom-m31-eusb2.o
  CC      lib/fonts/font_rotate.o
  GZIP    kernel/config_data.gz
  CC      kernel/configs.o
  CC      drivers/phy/qualcomm/phy-qcom-pcie2.o
  CC      lib/fonts/font_8x8.o
  CC      lib/fonts/font_8x16.o
  AR      kernel/built-in.a
  AR      lib/fonts/built-in.a
  CC      lib/argv_split.o
  CC      fs/f2fs/gc.o
  CC      drivers/phy/qualcomm/phy-qcom-qmp-combo.o
  CC      lib/bug.o
  AR      sound/built-in.a
  CC      fs/pstore/inode.o
  CC      lib/buildid.o
  CC      fs/pstore/platform.o
  CC      drivers/phy/qualcomm/phy-qcom-qmp-usbc.o
  CC      lib/clz_tab.o
  CC      lib/cmdline.o
  CC      lib/cpumask.o
  CC      fs/pstore/pmsg.o
  CC      fs/f2fs/data.o
  CC      fs/pstore/ram.o
  CC      lib/ctype.o
  CC      lib/dec_and_lock.o
  CC      drivers/phy/qualcomm/phy-qcom-qmp-pcie.o
  CC      lib/decompress.o
  CC      lib/decompress_bunzip2.o
  CC      fs/pstore/ram_core.o
  CC      lib/decompress_inflate.o
  CC      drivers/phy/qualcomm/phy-qcom-qmp-pcie-msm8996.o
  CC      lib/decompress_unlz4.o
  AR      fs/pstore/built-in.a
  CC      net/core/sock.o
  CC      lib/decompress_unlzma.o
  CC      drivers/phy/qualcomm/phy-qcom-qmp-ufs.o
  CC      fs/f2fs/node.o
  CC      lib/decompress_unlzo.o
  CC      drivers/phy/qualcomm/phy-qcom-qmp-usb.o
  CC      lib/decompress_unxz.o
  CC      lib/decompress_unzstd.o
  CC      drivers/phy/qualcomm/phy-qcom-qusb2.o
  CC      lib/dump_stack.o
  CC      net/core/skbuff.o
  CC      drivers/phy/qualcomm/phy-qcom-eusb2-repeater.o
  CC      lib/earlycpio.o
  CC      lib/extable.o
  CC      fs/f2fs/segment.o
  CC      drivers/phy/qualcomm/phy-qcom-usb-hs.o
  CC      lib/fdt.o
  CC      lib/fdt_addresses.o
  CC      lib/fdt_empty_tree.o
  CC      lib/fdt_ro.o
  CC      lib/fdt_rw.o
  CC      drivers/phy/qualcomm/phy-qcom-usb-hsic.o
  CC      lib/fdt_strerror.o
  CC      lib/fdt_sw.o
  CC      lib/fdt_wip.o
  CC      lib/flex_proportions.o
  CC      drivers/phy/qualcomm/phy-qcom-usb-hs-28nm.o
  CC      lib/idr.o
  CC      lib/iomem_copy.o
  CC      drivers/phy/qualcomm/phy-qcom-usb-ss.o
  CC      lib/irq_regs.o
  CC      lib/is_single_threaded.o
  CC      drivers/phy/qualcomm/phy-qcom-snps-femto-v2.o
  CC      lib/klist.o
  CC      lib/kobject.o
  AR      drivers/phy/qualcomm/built-in.a
  AR      drivers/phy/ralink/built-in.a
  AR      drivers/phy/realtek/built-in.a
  AR      drivers/phy/renesas/built-in.a
  AR      drivers/phy/rockchip/built-in.a
  AR      drivers/phy/samsung/built-in.a
  AR      drivers/phy/socionext/built-in.a
  AR      drivers/phy/sophgo/built-in.a
  AR      drivers/phy/spacemit/built-in.a
  AR      drivers/phy/st/built-in.a
  AR      drivers/phy/starfive/built-in.a
  AR      drivers/phy/sunplus/built-in.a
  AR      drivers/phy/tegra/built-in.a
  AR      drivers/phy/ti/built-in.a
  AR      drivers/phy/xilinx/built-in.a
  CC      drivers/phy/phy-core.o
  CC      net/core/datagram.o
  CC      fs/f2fs/recovery.o
  CC      lib/kobject_uevent.o
  CC      drivers/phy/phy-core-mipi-dphy.o
  CC      lib/logic_pio.o
  CC      fs/f2fs/shrinker.o
  CC      net/core/stream.o
  CC      drivers/phy/phy-snps-eusb2.o
  CC      lib/maple_tree.o
  CC      fs/f2fs/extent_cache.o
  AR      drivers/phy/built-in.a
  AR      drivers/pinctrl/actions/built-in.a
  AR      drivers/pinctrl/airoha/built-in.a
  AR      drivers/pinctrl/bcm/built-in.a
  AR      drivers/pinctrl/cirrus/built-in.a
  AR      drivers/pinctrl/cix/built-in.a
  AR      drivers/pinctrl/freescale/built-in.a
  AR      drivers/pinctrl/mediatek/built-in.a
  AR      drivers/pinctrl/microchip/built-in.a
  AR      drivers/pinctrl/mvebu/built-in.a
  AR      drivers/pinctrl/nomadik/built-in.a
  CC      net/core/scm.o
  AR      drivers/pinctrl/nuvoton/built-in.a
  AR      drivers/pinctrl/nxp/built-in.a
  CC      drivers/pinctrl/qcom/pinctrl-msm.o
  CC      fs/f2fs/sysfs.o
  CC      drivers/pinctrl/qcom/pinctrl-eliza.o
  CC      net/core/gen_stats.o
  CC      drivers/pinctrl/qcom/pinctrl-glymur.o
  CC      fs/f2fs/debug.o
  CC      net/core/gen_estimator.o
  CC      drivers/pinctrl/qcom/pinctrl-hawi.o
  CC      lib/memcat_p.o
  CC      drivers/pinctrl/qcom/pinctrl-ipq5210.o
  CC      lib/nmi_backtrace.o
  CC      net/core/net_namespace.o
  CC      fs/f2fs/xattr.o
  CC      drivers/pinctrl/qcom/pinctrl-ipq9650.o
  CC      lib/objpool.o
  CC      drivers/pinctrl/qcom/pinctrl-kaanapali.o
  CC      lib/plist.o
  CC      lib/radix-tree.o
  CC      drivers/pinctrl/qcom/pinctrl-maili.o
  CC      fs/f2fs/acl.o
  CC      net/core/secure_seq.o
  CC      drivers/pinctrl/qcom/pinctrl-nord.o
  CC      lib/ratelimit.o
  CC      fs/f2fs/iostat.o
  CC      drivers/pinctrl/qcom/pinctrl-spmi-gpio.o
  CC      lib/rbtree.o
  CC      net/core/flow_dissector.o
  CC      lib/seq_buf.o
  AR      fs/f2fs/built-in.a
  CC      fs/efivarfs/inode.o
  CC      drivers/pinctrl/qcom/pinctrl-spmi-mpp.o
  CC      lib/siphash.o
  CC      fs/efivarfs/file.o
  CC      lib/string.o
  CC      drivers/pinctrl/qcom/pinctrl-shikra.o
  CC      fs/efivarfs/super.o
  CC      lib/sys_info.o
  CC      net/core/sysctl_net_core.o
  CC      drivers/pinctrl/qcom/pinctrl-sm7150.o
  CC      lib/timerqueue.o
  CC      drivers/pinctrl/qcom/pinctrl-sm8650-lpass-lpi.o
  CC      fs/efivarfs/vars.o
  CC      lib/union_find.o
  CC      lib/vsprintf.o
  CC      drivers/pinctrl/qcom/pinctrl-lpass-lpi.o
  CC      net/core/dev.o
  AR      fs/efivarfs/built-in.a
  CC      fs/open.o
  AR      drivers/pinctrl/qcom/built-in.a
  AR      drivers/pinctrl/sophgo/built-in.a
  AR      drivers/pinctrl/spacemit/built-in.a
  AR      drivers/pinctrl/sprd/built-in.a
  AR      drivers/pinctrl/starfive/built-in.a
  AR      drivers/pinctrl/sunplus/built-in.a
  AR      drivers/pinctrl/tegra/built-in.a
  AR      drivers/pinctrl/ti/built-in.a
  CC      drivers/pinctrl/core.o
  CC      fs/read_write.o
  CC      drivers/pinctrl/pinctrl-utils.o
  CC      lib/win_minmax.o
  CC      drivers/pinctrl/pinmux.o
  CC      lib/xarray.o
  CC      drivers/pinctrl/pinconf.o
  CC      fs/file_table.o
  CC      drivers/pinctrl/pinconf-generic.o
  CC      lib/lockref.o
  CC      lib/bcd.o
  CC      lib/sort.o
  CC      lib/parser.o
  CC      drivers/pinctrl/devicetree.o
  CC      fs/super.o
  CC      lib/debug_locks.o
  CC      drivers/pinctrl/pinctrl-single.o
  CC      lib/random32.o
  CC      lib/bust_spinlocks.o
  CC      lib/kasprintf.o
  AR      drivers/pinctrl/built-in.a
  CC      drivers/gpio/gpiolib.o
  CC      lib/bitmap.o
  CC      fs/char_dev.o
  CC      net/core/dev_api.o
  CC      lib/scatterlist.o
  CC      fs/stat.o
  CC      net/core/dev_addr_lists.o
  CC      lib/list_sort.o
  CC      lib/uuid.o
  CC      fs/exec.o
  CC      lib/iov_iter.o
  CC      drivers/gpio/gpiolib-devres.o
  CC      drivers/gpio/gpiolib-legacy.o
  CC      net/core/dst.o
  CC      drivers/gpio/gpiolib-of.o
  CC      fs/pipe.o
  CC      lib/clz_ctz.o
  CC      drivers/gpio/gpiolib-cdev.o
  CC      lib/bsearch.o
  CC      net/core/netevent.o
  CC      lib/find_bit.o
  CC      lib/llist.o
  CC      fs/namei.o
  CC      net/core/neighbour.o
  CC      lib/lwq.o
  CC      lib/memweight.o
  CC      drivers/gpio/gpiolib-swnode.o
  CC      lib/kfifo.o
  CC      drivers/gpio/gpiolib-shared.o
  CC      lib/percpu-refcount.o
  CC      drivers/gpio/gpio-mmio.o
  CC      lib/rhashtable.o
  CC      drivers/gpio/gpio-syscon.o
  CC      net/core/rtnetlink.o
  CC      lib/base64.o
  AR      drivers/gpio/built-in.a
  CC      drivers/pwm/core.o
  CC      lib/once.o
  CC      fs/fcntl.o
  CC      lib/refcount.o
  CC      lib/rcuref.o
  CC      lib/usercopy.o
  AR      drivers/pwm/built-in.a
  CC      fs/ioctl.o
  CC      drivers/leds/flash/leds-qcom-flash.o
  CC      lib/errseq.o
  CC      lib/bucket_locks.o
  CC      lib/generic-radix-tree.o
  CC      fs/readdir.o
  AR      drivers/leds/flash/built-in.a
  CC      drivers/leds/trigger/ledtrig-timer.o
  CC      lib/bitmap-str.o
  CC      drivers/leds/trigger/ledtrig-oneshot.o
  CC      lib/string_helpers.o
  CC      fs/select.o
  CC      drivers/leds/trigger/ledtrig-heartbeat.o
  CC      net/core/utils.o
  CC      drivers/leds/trigger/ledtrig-backlight.o
  CC      lib/hexdump.o
  CC      lib/kstrtox.o
  CC      drivers/leds/trigger/ledtrig-cpu.o
  CC      net/core/link_watch.o
  CC      lib/debug_info.o
  CC      drivers/leds/trigger/ledtrig-activity.o
  CC      fs/dcache.o
  CC      drivers/leds/trigger/ledtrig-default-on.o
  CC      net/core/filter.o
  CC      drivers/leds/trigger/ledtrig-panic.o
  CC      lib/iomap_copy.o
  CC      lib/devres.o
  AR      drivers/leds/trigger/built-in.a
  AR      drivers/leds/blink/built-in.a
  AR      drivers/leds/simatic/built-in.a
  CC      drivers/leds/led-core.o
  CC      fs/inode.o
  CC      lib/cache_maint.o
  CC      drivers/leds/led-class.o
  CC      lib/hweight.o
  CC      lib/interval_tree.o
  CC      drivers/leds/led-class-flash.o
  CC      lib/assoc_array.o
  CC      drivers/leds/led-triggers.o
  CC      lib/linear_ranges.o
  CC      fs/attr.o
  CC      drivers/leds/leds-gpio.o
  CC      lib/packing.o
  CC      fs/bad_inode.o
  CC      drivers/leds/leds-pwm.o
  CC      lib/xxhash.o
  CC      fs/file.o
  CC      lib/genalloc.o
  CC      drivers/leds/leds-syscon.o
  AR      drivers/leds/built-in.a
  CC      drivers/pci/msi/pcidev_msi.o
  CC      lib/percpu_counter.o
  CC      drivers/pci/msi/api.o
  CC      fs/filesystems.o
  CC      lib/audit.o
  CC      net/core/sock_diag.o
  CC      drivers/pci/msi/msi.o
  CC      lib/compat_audit.o
  CC      lib/syscall.o
  CC      fs/namespace.o
  CC      lib/errname.o
  CC      lib/nlattr.o
  CC      net/core/dev_ioctl.o
  CC      drivers/pci/msi/irqdomain.o
  AR      drivers/pci/msi/built-in.a
  CC      drivers/pci/pcie/portdrv.o
  CC      lib/checksum.o
  CC      net/core/tso.o
  CC      lib/cpu_rmap.o
  CC      drivers/pci/pcie/rcec.o
  CC      lib/dynamic_queue_limits.o
  CC      drivers/pci/pcie/bwctrl.o
  CC      net/core/sock_reuseport.o
  CC      lib/glob.o
  CC      fs/seq_file.o
  CC      drivers/pci/pcie/aspm.o
  CC      lib/strncpy_from_user.o
  CC      net/core/fib_notifier.o
  CC      lib/strnlen_user.o
  CC      fs/xattr.o
  CC      drivers/pci/pcie/aer.o
  CC      lib/net_utils.o
  CC      net/core/xdp.o
  CC      lib/sg_pool.o
  CC      drivers/pci/pcie/err.o
  CC      fs/libfs.o
  CC      lib/irq_poll.o
  CC      net/core/flow_offload.o
  CC      drivers/pci/pcie/tlp.o
  CC      lib/stackdepot.o
  CC      drivers/pci/pcie/pme.o
  CC      fs/fs-writeback.o
  CC      net/core/gro.o
  CC      lib/bootconfig.o
  AR      drivers/pci/pcie/built-in.a
  CC      drivers/pci/pwrctrl/core.o
  CC      lib/asn1_decoder.o
  CC      drivers/pci/pwrctrl/pci-pwrctrl-pwrseq.o
  GEN     lib/oid_registry_data.c
  CC      fs/pnode.o
  CC      net/core/netdev-genl.o
  CC      drivers/pci/pwrctrl/generic.o
  CC      fs/splice.o
  AR      drivers/pci/pwrctrl/built-in.a
  CC      drivers/pci/hotplug/pci_hotplug_core.o
  AR      drivers/pci/hotplug/built-in.a
  AR      drivers/pci/endpoint/functions/built-in.a
  CC      drivers/pci/endpoint/pci-ep-cfs.o
  CC      net/core/netdev-genl-gen.o
  CC      fs/sync.o
  CC      drivers/pci/endpoint/pci-epc-core.o
  CC      net/core/netdev_work.o
  CC      lib/ucs2_string.o
  CC      fs/utimes.o
  CC      drivers/pci/endpoint/pci-epf-core.o
  CC      net/core/gso.o
  CC      lib/sbitmap.o
  CC      fs/d_path.o
  CC      drivers/pci/endpoint/pci-epc-mem.o
  CC      lib/group_cpus.o
  CC      net/core/net-sysfs.o
  AR      drivers/pci/endpoint/built-in.a
  CC      drivers/pci/controller/dwc/pcie-designware.o
  CC      fs/stack.o
  CC      lib/devmem_is_allowed.o
  CC      fs/fs_struct.o
  AR      lib/lib.a
  CC      lib/oid_registry.o
  CC      drivers/pci/controller/dwc/pcie-designware-host.o
  AR      lib/built-in.a
  CC      fs/statfs.o
  CC      virt/lib/irqbypass.o
  CC      net/core/hotdata.o
  AR      virt/lib/built-in.a
  AR      virt/built-in.a
  CC      drivers/video/console/dummycon.o
  CC      fs/fs_pin.o
  CC      drivers/pci/controller/dwc/pcie-qcom-common.o
  CC      net/core/netdev_config.o
  AR      drivers/video/console/built-in.a
  CC      drivers/video/logo/logo.o
  CC      fs/nsfs.o
  HOSTCC  drivers/video/logo/pnmtologo
  CC      drivers/pci/controller/dwc/pcie-qcom.o
  LOGO    drivers/video/logo/logo_linux_clut224.c
  CC      drivers/video/logo/logo_linux_clut224.o
  AR      drivers/video/logo/built-in.a
  CC      drivers/video/backlight/backlight.o
  CC      net/core/netdev_rx_queue.o
  CC      fs/fs_dirent.o
  AR      drivers/video/backlight/built-in.a
  CC      drivers/video/fbdev/core/fb_notify.o
  CC      fs/fs_context.o
  AR      drivers/pci/controller/dwc/built-in.a
  AR      drivers/pci/controller/mobiveil/built-in.a
  CC      net/core/netdev_queues.o
  AR      drivers/pci/controller/plda/built-in.a
  CC      drivers/pci/controller/pci-host-common.o
  CC      drivers/video/fbdev/core/fb_info.o
  CC      fs/fs_parser.o
  CC      drivers/pci/controller/pci-host-generic.o
  CC      drivers/video/fbdev/core/fbmem.o
  CC      net/core/page_pool.o
  CC      drivers/pci/controller/pcie-xilinx.o
  CC      fs/fsopen.o
  CC      drivers/video/fbdev/core/fbcmap.o
  AR      drivers/pci/controller/built-in.a
  AR      drivers/pci/switch/built-in.a
  CC      drivers/pci/access.o
  CC      fs/init.o
  CC      net/core/page_pool_user.o
  CC      drivers/video/fbdev/core/modedb.o
  CC      drivers/pci/bus.o
  CC      fs/kernel_read_file.o
  CC      drivers/video/fbdev/core/fbcvt.o
  CC      net/core/net-procfs.o
  CC      drivers/pci/probe.o
  CC      fs/mnt_idmapping.o
  CC      drivers/video/fbdev/core/fb_cmdline.o
  CC      fs/remap_range.o
  CC      net/core/selftests.o
  CC      drivers/video/fbdev/core/fb_backlight.o
  CC      drivers/pci/host-bridge.o
  CC      fs/pidfs.o
  CC      drivers/video/fbdev/core/fbmon.o
  CC      drivers/pci/remove.o
  CC      net/core/ptp_classifier.o
  CC      drivers/video/fbdev/core/fb_defio.o
  CC      drivers/pci/pci.o
  CC      fs/file_attr.o
  CC      net/core/netprio_cgroup.o
  CC      drivers/video/fbdev/core/fb_chrdev.o
  CC      fs/fserror.o
  CC      net/core/netclassid_cgroup.o
  CC      drivers/video/fbdev/core/fb_procfs.o
  CC      fs/nullfs.o
  CC      drivers/video/fbdev/core/fbsysfs.o
  CC      net/core/dst_cache.o
  CC      fs/failfs.o
  CC      drivers/pci/pci-driver.o
  CC      drivers/video/fbdev/core/fbcon.o
  CC      fs/buffer.o
  CC      net/core/gro_cells.o
  CC      drivers/pci/search.o
  CC      net/core/failover.o
  CC      drivers/pci/rebar.o
  CC      drivers/video/fbdev/core/bitblit.o
  CC      net/core/skmsg.o
  CC      fs/mpage.o
  CC      drivers/pci/rom.o
  CC      drivers/video/fbdev/core/softcursor.o
  CC      drivers/pci/setup-res.o
  CC      fs/proc_namespace.o
  CC      drivers/video/fbdev/core/fbcon_rotate.o
  CC      drivers/pci/irq.o
  CC      net/core/sock_map.o
  CC      fs/direct-io.o
  CC      drivers/video/fbdev/core/fbcon_cw.o
  CC      drivers/pci/vpd.o
  CC      fs/eventpoll.o
  CC      drivers/pci/setup-bus.o
  CC      drivers/video/fbdev/core/fbcon_ud.o
  CC      net/core/bpf_sk_storage.o
  CC      drivers/video/fbdev/core/fbcon_ccw.o
  CC      drivers/pci/vc.o
  CC      drivers/video/fbdev/core/fb_logo.o
  CC      fs/anon_inodes.o
  CC      net/core/bpf_ksock.o
  CC      drivers/pci/mmap.o
  CC      fs/signalfd.o
  CC      drivers/video/fbdev/core/cfbfillrect.o
  CC      drivers/pci/devres.o
  CC      net/core/of_net.o
  CC      fs/timerfd.o
  CC      drivers/video/fbdev/core/cfbcopyarea.o
  CC      drivers/pci/proc.o
  CC      net/core/devmem.o
  CC      drivers/video/fbdev/core/cfbimgblt.o
  CC      fs/eventfd.o
  CC      drivers/pci/pci-sysfs.o
  CC      drivers/video/fbdev/core/fb_io_fops.o
  CC      fs/aio.o
  AR      net/core/built-in.a
  CC      net/ethernet/eth.o
  CC      drivers/pci/slot.o
  CC      drivers/video/fbdev/core/sysfillrect.o
  CC      drivers/pci/iomap.o
  AR      net/ethernet/built-in.a
  AR      net/802/built-in.a
  CC      net/sched/sch_generic.o
  CC      drivers/video/fbdev/core/syscopyarea.o
  CC      fs/locks.o
  CC      drivers/pci/of.o
  CC      drivers/video/fbdev/core/sysimgblt.o
  CC      drivers/pci/quirks.o
  CC      net/sched/sch_mq.o
  CC      drivers/video/fbdev/core/fb_sys_fops.o
  CC      fs/binfmt_misc.o
  AR      drivers/video/fbdev/core/built-in.a
  AR      drivers/video/fbdev/omap/built-in.a
  AR      drivers/video/fbdev/omap2/omapfb/dss/built-in.a
  AR      drivers/video/fbdev/omap2/omapfb/displays/built-in.a
  AR      drivers/video/fbdev/omap2/omapfb/built-in.a
  AR      drivers/video/fbdev/omap2/built-in.a
  CC      drivers/video/fbdev/xen-fbfront.o
  CC      net/sched/sch_frag.o
  CC      drivers/pci/ats.o
  CC      fs/binfmt_script.o
  CC      drivers/video/fbdev/efifb.o
  CC      fs/binfmt_elf.o
  CC      drivers/pci/iov.o
  CC      net/sched/sch_api.o
  CC      drivers/video/fbdev/simplefb.o
  CC      drivers/pci/pci-label.o
  CC      fs/compat_binfmt_elf.o
  AR      drivers/video/fbdev/built-in.a
  CC      drivers/video/aperture.o
  CC      drivers/pci/syscall.o
  CC      net/sched/sch_blackhole.o
  CC      drivers/video/screen_info_generic.o
  CC      drivers/pci/ecam.o
  CC      drivers/video/screen_info_pci.o
  CC      fs/backing-file.o
  CC      net/sched/cls_api.o
  CC      drivers/pci/vgaarb.o
  CC      drivers/video/cmdline.o
  CC      fs/mbcache.o
  CC      drivers/video/nomodeset.o
  AR      drivers/pci/built-in.a
  CC      fs/posix_acl.o
  CC      net/netlink/af_netlink.o
  CC      drivers/video/hdmi.o
  CC      net/sched/sch_fifo.o
  CC      drivers/video/display_timing.o
  CC      fs/coredump.o
  CC      drivers/video/videomode.o
  CC      drivers/video/of_display_timing.o
  CC      drivers/video/of_videomode.o
  CC      net/sched/sch_htb.o
  AR      drivers/video/built-in.a
  AR      drivers/idle/built-in.a
  CC      drivers/char/ipmi/ipmi_dmi.o
  CC      net/netlink/genetlink.o
  CC      drivers/char/ipmi/ipmi_plat_data.o
  CC      fs/drop_caches.o
  AR      drivers/char/ipmi/built-in.a
  CC      drivers/amba/bus.o
  CC      fs/sysctls.o
  CC      net/sched/sch_prio.o
  CC      fs/fhandle.o
  CC      net/netlink/policy.o
  AR      drivers/amba/built-in.a
  AR      drivers/clk/actions/built-in.a
  AR      drivers/clk/analogbits/built-in.a
  AR      drivers/clk/aspeed/built-in.a
  AR      drivers/clk/bcm/built-in.a
  AR      drivers/clk/cix/built-in.a
  AR      drivers/clk/imgtec/built-in.a
  AR      drivers/clk/imx/built-in.a
  AR      drivers/clk/ingenic/built-in.a
  AR      drivers/clk/keystone/built-in.a
  AR      drivers/clk/mediatek/built-in.a
  AR      drivers/clk/microchip/built-in.a
  AR      drivers/clk/mstar/built-in.a
  AR      drivers/clk/mvebu/built-in.a
  CC      drivers/clk/qcom/common.o
  CC      net/sched/sch_multiq.o
  AR      fs/built-in.a
  AR      drivers/clk/ralink/built-in.a
  CC      net/bpf/test_run.o
  AR      net/netlink/built-in.a
  CC      drivers/clk/qcom/clk-regmap.o
  AR      drivers/dma/idxd/built-in.a
  AR      drivers/dma/amd/built-in.a
  AR      drivers/dma/loongson/built-in.a
  AR      drivers/dma/mediatek/built-in.a
  CC      drivers/dma/qcom/bam_dma.o
  CC      drivers/clk/qcom/clk-alpha-pll.o
  AR      net/sched/built-in.a
  AR      drivers/clk/renesas/built-in.a
  AR      drivers/soc/apple/built-in.a
  AR      drivers/soc/aspeed/built-in.a
  AR      drivers/soc/bcm/built-in.a
  AR      drivers/soc/fsl/built-in.a
  AR      drivers/soc/fujitsu/built-in.a
  AR      drivers/soc/hisilicon/built-in.a
  AR      drivers/soc/imx/built-in.a
  AR      drivers/soc/ixp4xx/built-in.a
  AR      drivers/soc/loongson/built-in.a
  AR      drivers/soc/mediatek/built-in.a
  AR      drivers/soc/microchip/built-in.a
  AR      drivers/soc/nuvoton/built-in.a
  AR      drivers/soc/pxa/built-in.a
  AR      drivers/soc/amlogic/built-in.a
  CC      drivers/soc/qcom/qcom_aoss.o
  CC      drivers/dma/qcom/gpi.o
  CC      drivers/soc/qcom/qcom-geni-se.o
  CC      drivers/clk/qcom/clk-pll.o
  CC      net/bpf/bpf_dummy_struct_ops.o
  CC      drivers/clk/qcom/clk-rcg.o
  CC      drivers/dma/qcom/hidma_mgmt.o
  CC      drivers/soc/qcom/cmd-db.o
  CC      drivers/clk/qcom/clk-rcg2.o
  AR      net/bpf/built-in.a
  CC      net/ethtool/ioctl.o
  CC      drivers/dma/qcom/hidma_mgmt_sys.o
  CC      drivers/soc/qcom/mdt_loader.o
  CC      drivers/dma/qcom/hidma_ll.o
  CC      drivers/clk/qcom/clk-branch.o
  CC      drivers/soc/qcom/ocmem.o
  CC      drivers/clk/qcom/clk-ref.o
  CC      drivers/dma/qcom/hidma.o
  CC      drivers/soc/qcom/pdr_interface.o
  CC      drivers/clk/qcom/clk-regmap-divider.o
  CC      drivers/soc/qcom/qcom_pdr_msg.o
  CC      drivers/dma/qcom/hidma_dbg.o
  CC      drivers/clk/qcom/clk-regmap-mux.o
  CC      drivers/soc/qcom/pmic_glink.o
  CC      net/ethtool/common.o
  CC      drivers/clk/qcom/clk-regmap-mux-div.o
  AR      drivers/dma/qcom/built-in.a
  AR      drivers/dma/stm32/built-in.a
  AR      drivers/dma/ti/built-in.a
  AR      drivers/dma/xilinx/built-in.a
  CC      drivers/dma/dmaengine.o
  CC      drivers/soc/qcom/pmic_glink_altmode.o
  CC      drivers/clk/qcom/clk-regmap-phy-mux.o
  CC      drivers/clk/qcom/clk-hfpll.o
  CC      net/ethtool/netlink.o
  CC      drivers/soc/qcom/qmi_encdec.o
  CC      drivers/clk/qcom/reset.o
  CC      drivers/dma/virt-dma.o
  CC      drivers/soc/qcom/qmi_interface.o
  CC      drivers/clk/qcom/gdsc.o
  CC      drivers/dma/of-dma.o
  CC      net/ethtool/bitset.o
  CC      drivers/clk/qcom/gcc-hawi.o
  AR      drivers/dma/built-in.a
  AR      drivers/clk/socfpga/built-in.a
  CC      net/ethtool/strset.o
  CC      drivers/soc/qcom/rmtfs_mem.o
  CC      drivers/clk/qcom/cambistmclkcc-kaanapali.o
  CC      drivers/soc/qcom/rpmh-rsc.o
  AR      drivers/soc/renesas/built-in.a
  CC      net/netfilter/core.o
  CC      drivers/clk/qcom/camcc-kaanapali.o
  CC      net/ethtool/linkinfo.o
  CC      drivers/soc/qcom/rpmh.o
  CC      drivers/clk/qcom/dispcc-kaanapali.o
  CC      net/ethtool/linkmodes.o
  CC      drivers/clk/qcom/gcc-kaanapali.o
  CC      net/netfilter/nf_log.o
  CC      drivers/soc/qcom/rpm-proc.o
  CC      drivers/clk/qcom/gpucc-kaanapali.o
  CC      drivers/soc/qcom/smd-rpm.o
  CC      net/ethtool/rss.o
  CC      net/netfilter/nf_queue.o
  CC      drivers/clk/qcom/gxclkctl-kaanapali.o
  CC      drivers/soc/qcom/smem.o
  CC      drivers/clk/qcom/tcsrcc-kaanapali.o
  CC      drivers/soc/qcom/smem_dramc.o
  CC      net/ethtool/linkstate.o
  CC      drivers/clk/qcom/videocc-kaanapali.o
  CC      net/netfilter/nf_sockopt.o
  CC      drivers/soc/qcom/smem_state.o
  CC      drivers/clk/qcom/gcc-nord.o
  CC      drivers/soc/qcom/smp2p.o
  CC      net/ethtool/debug.o
  CC      net/netfilter/utils.o
  CC      drivers/clk/qcom/negcc-nord.o
  CC      drivers/soc/qcom/smsm.o
  CC      drivers/clk/qcom/nwgcc-nord.o
  CC      net/ethtool/wol.o
  CC      net/netfilter/nfnetlink.o
  CC      drivers/clk/qcom/segcc-nord.o
  CC      drivers/soc/qcom/socinfo.o
  CC      drivers/clk/qcom/gcc-shikra.o
  CC      net/ethtool/features.o
  CC      drivers/soc/qcom/apr.o
  CC      net/netfilter/nf_bpf_link.o
  CC      drivers/clk/qcom/gcc-msm8976.o
  CC      drivers/soc/qcom/llcc-qcom.o
  CC      net/ethtool/privflags.o
  CC      drivers/clk/qcom/clk-rpmh.o
  AR      net/netfilter/built-in.a
  AR      drivers/clk/sophgo/built-in.a
  CC      drivers/soc/qcom/ice.o
  AR      drivers/pmdomain/actions/built-in.a
  AR      drivers/pmdomain/amlogic/built-in.a
  AR      drivers/pmdomain/apple/built-in.a
  CC      drivers/pmdomain/arm/scmi_perf_domain.o
  CC      drivers/clk/qcom/clk-smd-rpm.o
  CC      net/ethtool/rings.o
  CC      drivers/pmdomain/arm/scmi_pm_domain.o
  CC      drivers/clk/qcom/gcc-sdm660.o
  CC      drivers/soc/qcom/qcom-pbs.o
  CC      drivers/pmdomain/arm/scpi_pm_domain.o
  CC      drivers/clk/qcom/gcc-sm6125.o
  CC      net/ethtool/channels.o
  CC      drivers/soc/qcom/ubwc_config.o
  AR      drivers/pmdomain/arm/built-in.a
  AR      drivers/pmdomain/bcm/built-in.a
  AR      drivers/pmdomain/imx/built-in.a
  AR      drivers/pmdomain/marvell/built-in.a
  AR      drivers/pmdomain/mediatek/built-in.a
  CC      drivers/pmdomain/qcom/cpr.o
  CC      drivers/clk/qcom/gcc-sm6375.o
  AR      drivers/soc/qcom/built-in.a
  AR      drivers/soc/rockchip/built-in.a
  AR      drivers/soc/sophgo/built-in.a
  AR      drivers/soc/sunxi/built-in.a
  AR      drivers/soc/ti/built-in.a
  AR      drivers/soc/versatile/built-in.a
  AR      drivers/soc/vt8500/built-in.a
  AR      drivers/soc/xilinx/built-in.a
  AR      drivers/soc/built-in.a
  CC      drivers/virtio/virtio.o
  CC      net/ethtool/coalesce.o
  CC      drivers/clk/qcom/gcc-sm7150.o
  CC      drivers/pmdomain/qcom/rpmpd.o
  CC      drivers/virtio/virtio_ring.o
  CC      drivers/clk/qcom/hfpll.o
  CC      drivers/pmdomain/qcom/rpmhpd.o
  CC      net/ethtool/pause.o
  AR      drivers/clk/qcom/built-in.a
  AR      drivers/clk/spacemit/built-in.a
  AR      drivers/clk/sprd/built-in.a
  AR      drivers/clk/starfive/built-in.a
  AR      drivers/clk/sunxi-ng/built-in.a
  AR      drivers/clk/tenstorrent/built-in.a
  AR      drivers/clk/thead/built-in.a
  AR      drivers/clk/ti/built-in.a
  AR      drivers/clk/ultrarisc/built-in.a
  CC      drivers/clk/versatile/clk-vexpress-osc.o
  AR      drivers/pmdomain/qcom/built-in.a
  AR      drivers/pmdomain/renesas/built-in.a
  AR      drivers/pmdomain/rockchip/built-in.a
  AR      drivers/pmdomain/samsung/built-in.a
  AR      drivers/pmdomain/st/built-in.a
  AR      drivers/pmdomain/starfive/built-in.a
  AR      drivers/pmdomain/sunxi/built-in.a
  AR      drivers/pmdomain/tegra/built-in.a
  AR      drivers/pmdomain/thead/built-in.a
  AR      drivers/pmdomain/ti/built-in.a
  AR      drivers/pmdomain/xilinx/built-in.a
  CC      drivers/pmdomain/core.o
  AR      drivers/clk/versatile/built-in.a
  AR      drivers/clk/xilinx/built-in.a
  CC      drivers/clk/clk-devres.o
  CC      net/ethtool/eee.o
  CC      drivers/clk/clk-bulk.o
  CC      drivers/virtio/virtio_anchor.o
  CC      net/ethtool/tsinfo.o
  CC      drivers/clk/clkdev.o
  CC      drivers/virtio/virtio_pci_modern_dev.o
  CC      drivers/pmdomain/governor.o
  CC      drivers/clk/clk.o
  CC      net/ethtool/cabletest.o
  AR      drivers/pmdomain/built-in.a
  CC      drivers/clk/clk-divider.o
  CC      drivers/virtio/virtio_pci_legacy_dev.o
  CC      net/ethtool/tunnels.o
  CC      drivers/virtio/virtio_mmio.o
  AR      net/ipv4/netfilter/built-in.a
  CC      net/ipv4/route.o
  CC      drivers/clk/clk-fixed-factor.o
  CC      drivers/virtio/virtio_pci_modern.o
  CC      net/ethtool/fec.o
  CC      drivers/clk/clk-fixed-rate.o
  CC      drivers/virtio/virtio_pci_common.o
  CC      drivers/clk/clk-gate.o
  CC      net/ethtool/eeprom.o
  CC      drivers/clk/clk-multiplier.o
  CC      drivers/virtio/virtio_pci_legacy.o
  CC      net/ipv4/inetpeer.o
  CC      drivers/clk/clk-mux.o
  CC      net/ethtool/stats.o
  CC      drivers/virtio/virtio_balloon.o
  CC      drivers/clk/clk-composite.o
  CC      net/ipv4/protocol.o
  CC      drivers/clk/clk-fractional-divider.o
  CC      net/ethtool/phc_vclocks.o
  AR      drivers/virtio/built-in.a
  CC      net/unix/af_unix.o
  CC      net/ipv4/ip_input.o
  CC      drivers/clk/clk-gpio.o
  CC      net/ethtool/mm.o
  CC      drivers/clk/clk-conf.o
  CC      drivers/clk/clk-pwm.o
  CC      net/ethtool/module.o
  CC      net/ipv4/ip_fragment.o
  CC      drivers/clk/clk-scmi.o
  CC      net/unix/garbage.o
  CC      drivers/clk/clk-scmi-oem.o
  CC      net/ethtool/cmis_fw_update.o
  CC      net/ipv4/ip_forward.o
  CC      drivers/clk/clk-scpi.o
  CC      net/unix/sysctl_net_unix.o
  AR      drivers/clk/built-in.a
  CC      net/ethtool/cmis_cdb.o
  CC      drivers/xen/events/events_base.o
  CC      net/ipv4/ip_options.o
  CC      net/unix/unix_bpf.o
  CC      net/ethtool/pse-pd.o
  CC      drivers/xen/events/events_2l.o
  CC      net/ipv4/ip_output.o
  CC      net/unix/diag.o
  CC      net/ethtool/plca.o
  CC      drivers/xen/events/events_fifo.o
  AR      net/unix/built-in.a
  CC      drivers/regulator/core.o
  AR      drivers/xen/events/built-in.a
  CC      drivers/xen/xenbus/xenbus_client.o
  CC      net/ethtool/phy.o
  CC      drivers/xen/xenbus/xenbus_comms.o
  CC      net/ipv4/ip_sockglue.o
  CC      net/ethtool/tsconfig.o
  CC      drivers/xen/xenbus/xenbus_xs.o
  CC      net/ethtool/mse.o
  CC      drivers/xen/xenbus/xenbus_probe.o
  CC      drivers/regulator/dummy.o
  CC      net/ipv4/inet_hashtables.o
  AR      net/ethtool/built-in.a
  CC      drivers/xen/xenfs/super.o
  CC      drivers/xen/xenbus/xenbus_probe_backend.o
  CC      drivers/regulator/fixed-helper.o
  CC      drivers/xen/xenfs/xenstored.o
  CC      drivers/xen/xenbus/xenbus_dev_frontend.o
  CC      drivers/regulator/helpers.o
  AR      drivers/xen/xenfs/built-in.a
  AR      drivers/xen/xen-pciback/built-in.a
  AR      drivers/reset/amlogic/built-in.a
  AR      drivers/reset/hisilicon/built-in.a
  AR      drivers/reset/spacemit/built-in.a
  AR      drivers/reset/starfive/built-in.a
  AR      drivers/reset/sti/built-in.a
  AR      drivers/reset/tegra/built-in.a
  CC      drivers/reset/core.o
  CC      net/ipv4/inet_timewait_sock.o
  CC      drivers/xen/xenbus/xenbus_dev_backend.o
  CC      drivers/regulator/devres.o
  CC      drivers/xen/xenbus/xenbus_probe_frontend.o
  CC      drivers/reset/reset-qcom-aoss.o
  CC      drivers/regulator/irq_helpers.o
  CC      net/ipv4/inet_connection_sock.o
  CC      drivers/reset/reset-scmi.o
  AR      drivers/xen/xenbus/built-in.a
  CC      drivers/xen/cpu_hotplug.o
  CC      drivers/regulator/of_regulator.o
  CC      drivers/reset/reset-ti-syscon.o
  CC      drivers/xen/grant-table.o
  AR      drivers/reset/built-in.a
  CC      drivers/tty/vt/vt_ioctl.o
  CC      drivers/regulator/fixed.o
  CC      drivers/xen/features.o
  CC      net/ipv4/tcp.o
  CC      drivers/xen/balloon.o
  CC      drivers/regulator/scmi-regulator.o
  CC      drivers/tty/vt/vc_screen.o
  CC      drivers/xen/manage.o
  CC      drivers/regulator/gpio-regulator.o
  CC      drivers/tty/vt/selection.o
  CC      drivers/xen/time.o
  CC      drivers/regulator/qcom-rpmh-regulator.o
  CC      drivers/tty/vt/keyboard.o
  CC      drivers/xen/mem-reservation.o
  CC      drivers/regulator/qcom_smd-regulator.o
  CC      drivers/xen/xlate_mmu.o
  CC      drivers/regulator/qcom_spmi-regulator.o
  CC      drivers/tty/vt/vt.o
  CC      net/ipv4/tcp_input.o
  CC      drivers/xen/arm-device.o
  CC      drivers/xen/pci.o
  CC      drivers/regulator/pwm-regulator.o
  CC      drivers/xen/dbgp.o
  AR      drivers/regulator/built-in.a
  CC      drivers/xen/biomerge.o
  COPY    drivers/tty/vt/defkeymap.c
  CC      drivers/tty/vt/consolemap.o
  AR      net/ipv6/netfilter/built-in.a
  CC      net/ipv6/af_inet6.o
  CC      drivers/xen/xen-balloon.o
  CC      drivers/xen/evtchn.o
  HOSTCC  drivers/tty/vt/conmakehash
  COPY    drivers/tty/vt/ucs_width_table.h
  COPY    drivers/tty/vt/ucs_recompose_table.h
  COPY    drivers/tty/vt/ucs_fallback_table.h
  CC      drivers/tty/vt/defkeymap.o
  CONMK   drivers/tty/vt/consolemap_deftbl.c
  CC      drivers/tty/vt/ucs.o
  CC      drivers/tty/vt/consolemap_deftbl.o
  AR      drivers/tty/vt/built-in.a
  CC      drivers/tty/hvc/hvc_console.o
  CC      net/ipv6/anycast.o
  CC      drivers/xen/gntdev.o
  CC      drivers/tty/hvc/hvc_irq.o
  CC      net/ipv4/tcp_output.o
  CC      drivers/tty/hvc/hvc_xen.o
  CC      drivers/xen/gntalloc.o
  CC      net/ipv6/ip6_output.o
  AR      drivers/tty/hvc/built-in.a
  CC      drivers/tty/serial/8250/8250_core.o
  CC      drivers/xen/sys-hypervisor.o
  CC      drivers/xen/swiotlb-xen.o
  CC      drivers/tty/serial/8250/8250_platform.o
  CC      drivers/xen/privcmd.o
  CC      drivers/tty/serial/8250/8250_port.o
  CC      net/ipv6/ip6_input.o
  CC      net/ipv4/tcp_timer.o
  CC      drivers/xen/privcmd-buf.o
  CC      drivers/xen/efi.o
  CC      net/ipv6/addrconf.o
  CC      net/ipv4/tcp_ipv4.o
  CC      drivers/tty/serial/8250/8250_dma.o
  AR      drivers/xen/built-in.a
  CC      net/packet/af_packet.o
  CC      drivers/tty/serial/8250/8250_dwlib.o
  CC      drivers/tty/serial/8250/8250_pcilib.o
  CC      drivers/tty/serial/8250/8250_early.o
  CC      net/ipv4/tcp_minisocks.o
  CC      drivers/tty/serial/8250/8250_dw.o
  CC      net/packet/diag.o
  CC      drivers/tty/serial/8250/8250_exar.o
  CC      net/ipv6/addrlabel.o
  CC      net/ipv4/tcp_cong.o
  AR      net/packet/built-in.a
  CC      drivers/tty/serial/serial_core.o
  CC      drivers/tty/serial/8250/8250_fsl.o
  CC      net/ipv6/route.o
  CC      net/ipv4/tcp_metrics.o
  CC      drivers/tty/serial/8250/8250_mxpcie.o
  CC      drivers/tty/serial/8250/8250_of.o
  CC      net/ipv4/tcp_fastopen.o
  CC      drivers/tty/serdev/core.o
  CC      drivers/tty/serial/8250/8250_pci.o
  CC      drivers/tty/serdev/serdev-ttyport.o
  CC      net/ipv4/tcp_recovery.o
  CC      drivers/tty/serial/8250/8250_pericom.o
  AR      drivers/tty/serdev/built-in.a
  CC      drivers/tty/tty_io.o
  CC      net/ipv6/ip6_fib.o
  AR      drivers/tty/serial/8250/built-in.a
  CC      drivers/tty/serial/serial_base_bus.o
  CC      net/ipv4/tcp_ulp.o
  CC      drivers/tty/serial/serial_ctrl.o
  CC      drivers/char/hw_random/core.o
  CC      drivers/tty/serial/serial_port.o
  CC      net/ipv4/tcp_offload.o
  CC      net/ipv6/ipv6_sockglue.o
  CC      drivers/tty/serial/earlycon.o
  CC      drivers/char/hw_random/virtio-rng.o
  CC      drivers/tty/serial/amba-pl011.o
  CC      net/ipv4/tcp_plb.o
  CC      drivers/char/hw_random/optee-rng.o
  CC      drivers/char/hw_random/arm_smccc_trng.o
  CC      net/ipv6/ndisc.o
  CC      drivers/char/hw_random/cn10k-rng.o
  CC      net/ipv4/datagram.o
  CC      drivers/tty/serial/msm_serial.o
  CC      drivers/char/hw_random/qcom-rng.o
  CC      net/ipv4/raw.o
  AR      drivers/char/hw_random/built-in.a
  AR      drivers/char/agp/built-in.a
  CC      drivers/char/mem.o
  CC      net/ipv6/udp.o
  CC      drivers/tty/serial/qcom_geni_serial.o
  CC      drivers/char/random.o
  CC      net/ipv4/udp.o
  CC      drivers/tty/serial/serial_mctrl_gpio.o
  CC      drivers/char/misc.o
  AR      drivers/tty/serial/built-in.a
  CC      drivers/tty/n_tty.o
  CC      net/ipv6/raw.o
  CC      drivers/char/virtio_console.o
  CC      drivers/tty/tty_ioctl.o
  AR      drivers/char/built-in.a
  CC      drivers/iommu/arm/arm-smmu/qcom_iommu.o
  CC      net/ipv6/icmp.o
  CC      net/ipv4/udp_offload.o
  CC      drivers/tty/tty_ldisc.o
  CC      drivers/iommu/arm/arm-smmu/arm-smmu.o
  CC      drivers/tty/tty_buffer.o
  CC      net/ipv6/mcast.o
  CC      net/ipv4/arp.o
  CC      drivers/tty/tty_port.o
  CC      drivers/tty/tty_mutex.o
  CC      drivers/iommu/arm/arm-smmu/arm-smmu-impl.o
  CC      drivers/tty/tty_ldsem.o
  CC      net/ipv4/icmp.o
  CC      drivers/iommu/arm/arm-smmu/arm-smmu-nvidia.o
  CC      drivers/tty/tty_baudrate.o
  CC      drivers/iommu/arm/arm-smmu/arm-smmu-qcom.o
  CC      drivers/tty/tty_jobctrl.o
  CC      net/ipv6/reassembly.o
  CC      drivers/tty/n_null.o
  CC      net/ipv4/devinet.o
  AR      drivers/iommu/arm/arm-smmu/built-in.a
  CC      drivers/iommu/arm/arm-smmu-v3/arm-smmu-v3.o
  CC      drivers/tty/pty.o
  CC      net/ipv6/tcp_ipv6.o
  CC      drivers/tty/tty_audit.o
  CC      drivers/tty/sysrq.o
  CC      net/ipv4/af_inet.o
  CC      net/ipv6/ping.o
  AR      drivers/iommu/arm/arm-smmu-v3/built-in.a
  AR      drivers/iommu/arm/built-in.a
  AR      drivers/iommu/iommufd/built-in.a
  CC      drivers/iommu/iommu.o
  AR      drivers/tty/built-in.a
  AR      drivers/gpu/host1x/built-in.a
  AR      drivers/gpu/drm/tests/built-in.a
  AR      drivers/gpu/drm/arm/built-in.a
  CC      drivers/gpu/drm/clients/drm_client_setup.o
  CC      drivers/gpu/drm/clients/drm_log.o
  CC      net/ipv6/exthdrs.o
  CC      net/ipv4/igmp.o
  CC      drivers/gpu/drm/clients/drm_fbdev_client.o
  CC      drivers/iommu/iommu-pages.o
  AR      drivers/gpu/drm/clients/built-in.a
  CC      drivers/gpu/drm/display/drm_dp_aux_bus.o
  CC      net/ipv6/datagram.o
  CC      drivers/iommu/iommu-traces.o
  CC      drivers/iommu/iommu-sysfs.o
  CC      drivers/gpu/drm/display/drm_display_helper_mod.o
  CC      net/ipv4/fib_frontend.o
  CC      drivers/iommu/dma-iommu.o
  CC      drivers/gpu/drm/display/drm_bridge_connector.o
  CC      net/ipv6/ip6_flowlabel.o
  CC      drivers/gpu/drm/display/drm_dp_dual_mode_helper.o
  CC      net/ipv4/fib_semantics.o
  CC      drivers/iommu/io-pgtable.o
  CC      net/ipv6/inet6_connection_sock.o
  CC      drivers/gpu/drm/display/drm_dp_helper.o
  CC      drivers/iommu/io-pgtable-arm-v7s.o
  CC      net/ipv6/udp_offload.o
  CC      drivers/iommu/io-pgtable-arm.o
  CC      net/ipv4/fib_trie.o
  CC      net/ipv6/seg6.o
  CC      drivers/gpu/drm/display/drm_dp_mst_topology.o
  CC      drivers/iommu/io-pgtable-dart.o
  CC      drivers/iommu/iova.o
  CC      net/ipv6/fib6_notifier.o
  CC      net/ipv4/fib_notifier.o
  CC      drivers/iommu/of_iommu.o
  CC      net/ipv6/rpl.o
  AR      drivers/iommu/built-in.a
  CC      net/devlink/core.o
  CC      net/ipv4/inet_fragment.o
  CC      drivers/gpu/drm/display/drm_dsc_helper.o
  CC      net/ipv6/ioam6.o
  CC      drivers/gpu/drm/display/drm_hdmi_audio_helper.o
  CC      net/devlink/netlink.o
  CC      net/ipv4/ping.o
  CC      drivers/gpu/drm/display/drm_hdmi_cec_helper.o
  CC      net/ipv6/sysctl_net_ipv6.o
  CC      drivers/gpu/drm/display/drm_hdmi_cec_notifier_helper.o
  CC      net/devlink/netlink_gen.o
  CC      net/ipv4/ip_tunnel_core.o
  CC      net/ipv6/netfilter.o
  CC      drivers/gpu/drm/display/drm_hdmi_helper.o
  CC      net/devlink/dev.o
  CC      drivers/gpu/drm/display/drm_scdc_helper.o
  CC      net/ipv6/proc.o
  CC      net/ipv4/gre_offload.o
  CC      drivers/gpu/drm/display/drm_hdmi_state_helper.o
  CC      net/devlink/port.o
  CC      drivers/gpu/drm/display/drm_dp_aux_dev.o
  CC      net/ipv4/metrics.o
  CC      net/ipv6/syncookies.o
  CC      drivers/gpu/drm/display/drm_dp_cec.o
  CC      net/devlink/sb.o
  CC      net/ipv4/netlink.o
  CC      net/ipv6/addrconf_core.o
  AR      drivers/gpu/drm/display/built-in.a
  CC      drivers/gpu/drm/scheduler/sched_main.o
  CC      net/ipv4/nexthop.o
  CC      net/ipv6/exthdrs_core.o
  CC      net/devlink/dpipe.o
  CC      drivers/gpu/drm/scheduler/sched_fence.o
  CC      net/ipv6/ip6_checksum.o
  CC      drivers/gpu/drm/scheduler/sched_entity.o
  CC      net/devlink/resource.o
  CC      drivers/gpu/drm/scheduler/sched_rq.o
  CC      net/ipv6/ip6_icmp.o
  CC      net/ipv4/udp_tunnel_stub.o
  AR      drivers/gpu/drm/scheduler/built-in.a
  AR      drivers/gpu/drm/renesas/rcar-du/built-in.a
  AR      drivers/gpu/drm/renesas/rz-du/built-in.a
  AR      drivers/gpu/drm/renesas/built-in.a
  AR      drivers/gpu/drm/omapdrm/built-in.a
  AR      drivers/gpu/drm/tilcdc/built-in.a
  GENHDR  drivers/gpu/drm/msm/generated/a2xx.xml.h
  GENHDR  drivers/gpu/drm/msm/generated/a3xx.xml.h
  GENHDR  drivers/gpu/drm/msm/generated/a4xx.xml.h
  GENHDR  drivers/gpu/drm/msm/generated/a5xx.xml.h
  GENHDR  drivers/gpu/drm/msm/generated/a6xx.xml.h
  CC      net/devlink/param.o
  CC      net/ipv6/output_core.o
  GENHDR  drivers/gpu/drm/msm/generated/a6xx_descriptors.xml.h
  GENHDR  drivers/gpu/drm/msm/generated/a6xx_enums.xml.h
  GENHDR  drivers/gpu/drm/msm/generated/a6xx_perfcntrs.xml.h
  GENHDR  drivers/gpu/drm/msm/generated/a7xx_enums.xml.h
  GENHDR  drivers/gpu/drm/msm/generated/a7xx_perfcntrs.xml.h
  GENHDR  drivers/gpu/drm/msm/generated/a8xx_enums.xml.h
  CC      net/ipv4/sysctl_net_ipv4.o
  GENHDR  drivers/gpu/drm/msm/generated/a6xx_gmu.xml.h
  GENHDR  drivers/gpu/drm/msm/generated/adreno_common.xml.h
  GENHDR  drivers/gpu/drm/msm/generated/adreno_pm4.xml.h
  GENHDRJSN  drivers/gpu/drm/msm/generated/a2xx_perfcntrs.json.c
  GENHDRJSN  drivers/gpu/drm/msm/generated/a5xx_perfcntrs.json.c
  GENHDRJSN  drivers/gpu/drm/msm/generated/a6xx_perfcntrs.json.c
  GENHDRJSN  drivers/gpu/drm/msm/generated/a7xx_perfcntrs.json.c
  CC      net/ipv6/protocol.o
  GENHDRJSN  drivers/gpu/drm/msm/generated/a8xx_perfcntrs.json.c
  GENHDR  drivers/gpu/drm/msm/generated/dsi_phy_7nm.xml.h
  GENHDR  drivers/gpu/drm/msm/generated/dsi_phy_10nm.xml.h
  GENHDR  drivers/gpu/drm/msm/generated/dsi_phy_14nm.xml.h
  CC      net/devlink/region.o
  GENHDR  drivers/gpu/drm/msm/generated/dsi_phy_20nm.xml.h
  GENHDR  drivers/gpu/drm/msm/generated/dsi_phy_28nm_8960.xml.h
  GENHDR  drivers/gpu/drm/msm/generated/dsi_phy_28nm.xml.h
  GENHDR  drivers/gpu/drm/msm/generated/dsi.xml.h
  GENHDR  drivers/gpu/drm/msm/generated/hdmi.xml.h
  GENHDR  drivers/gpu/drm/msm/generated/mdp4.xml.h
  CC      net/ipv4/proc.o
  GENHDR  drivers/gpu/drm/msm/generated/mdp5.xml.h
  GENHDR  drivers/gpu/drm/msm/generated/mdp_common.xml.h
  GENHDR  drivers/gpu/drm/msm/generated/mdss.xml.h
  CC      net/ipv6/ip6_offload.o
  GENHDR  drivers/gpu/drm/msm/generated/sfpb.xml.h
  CC      drivers/gpu/drm/msm/msm_debugfs.o
  CC      net/devlink/health.o
  CC      drivers/gpu/drm/msm/msm_drv.o
  CC      net/ipv4/syncookies.o
  CC      net/ipv6/exthdrs_offload.o
  CC      drivers/gpu/drm/msm/msm_fence.o
  CC      net/ipv4/ipconfig.o
  CC      net/ipv6/inet6_hashtables.o
  CC      net/devlink/trap.o
  CC      drivers/gpu/drm/msm/msm_gem.o
  CC      net/ipv6/mcast_snoop.o
  CC      net/ipv4/netfilter.o
  CC      net/devlink/rate.o
  CC      drivers/gpu/drm/msm/msm_gem_prime.o
  CC      net/ipv4/inet_diag.o
  CC      net/ipv6/ndisc_snoop.o
  CC      drivers/gpu/drm/msm/msm_gem_shrinker.o
  CC      net/devlink/linecard.o
  AR      net/ipv6/built-in.a
  CC      drivers/gpu/drm/msm/msm_gem_submit.o
  AR      drivers/gpu/vga/built-in.a
  AR      drivers/gpu/drm/imx/built-in.a
  CC      net/ipv4/tcp_diag.o
  CC      drivers/base/power/sysfs.o
  CC      net/devlink/sh_dev.o
  CC      drivers/base/power/generic_ops.o
  CC      drivers/gpu/drm/msm/msm_gem_vma.o
  CC      net/ipv4/tcp_cubic.o
  CC      drivers/base/power/common.o
  AR      net/devlink/built-in.a
  CC      drivers/block/brd.o
  CC      drivers/base/power/qos.o
  CC      drivers/gpu/drm/msm/msm_gpu.o
  CC      net/ipv4/tcp_westwood.o
  CC      drivers/block/loop.o
  CC      drivers/base/power/runtime.o
  CC      drivers/gpu/drm/msm/msm_gpu_devfreq.o
  CC      net/ipv4/tcp_bpf.o
  CC      drivers/base/power/wakeirq.o
  CC      drivers/block/virtio_blk.o
  CC      drivers/gpu/drm/msm/msm_io_utils.o
  CC      drivers/base/power/main.o
  CC      drivers/gpu/drm/msm/msm_iommu.o
  CC      net/ipv4/udp_bpf.o
  CC      drivers/block/xen-blkfront.o
  CC      drivers/gpu/drm/msm/msm_perfcntr.o
  CC      drivers/base/power/wakeup.o
  CC      net/ipv4/bpf_tcp_ca.o
  CC      drivers/gpu/drm/msm/msm_rd.o
  CC      drivers/base/power/wakeup_stats.o
  AR      drivers/block/built-in.a
  AR      drivers/gpu/tests/built-in.a
  CC      drivers/gpu/drm/panel/panel-oneplus-ac180.o
  AR      net/ipv4/built-in.a
  AR      net/dsa/built-in.a
  CC      net/sunrpc/auth_gss/auth_gss.o
  CC      drivers/base/power/clock_ops.o
  CC      drivers/gpu/drm/msm/msm_ringbuffer.o
  AR      drivers/base/power/built-in.a
  CC      drivers/base/firmware_loader/builtin/main.o
  CC      drivers/gpu/drm/panel/panel-oneplus-aa601.o
  AR      drivers/base/firmware_loader/builtin/built-in.a
  CC      drivers/base/firmware_loader/main.o
  CC      drivers/gpu/drm/msm/msm_submitqueue.o
  CC      net/sunrpc/auth_gss/gss_mech_switch.o
  AR      drivers/gpu/drm/panel/built-in.a
  CC      drivers/misc/eeprom/eeprom_93cx6.o
  CC      drivers/gpu/drm/msm/msm_syncobj.o
  CC      drivers/base/firmware_loader/sysfs.o
  AR      drivers/misc/eeprom/built-in.a
  AR      drivers/misc/cb710/built-in.a
  AR      drivers/misc/lis3lv02d/built-in.a
  AR      drivers/misc/cardreader/built-in.a
  AR      drivers/misc/keba/built-in.a
  AR      drivers/misc/amd-sbi/built-in.a
  AR      drivers/misc/built-in.a
  CC      drivers/base/firmware_loader/sysfs_upload.o
  CC      net/sunrpc/auth_gss/svcauth_gss.o
  CC      drivers/gpu/drm/msm/msm_gpu_tracepoints.o
  CC      net/8021q/vlan_core.o
  AR      drivers/base/firmware_loader/built-in.a
  CC      drivers/base/regmap/regmap.o
  CC      drivers/gpu/drm/msm/msm_atomic.o
  AR      net/8021q/built-in.a
  AR      net/wireless/tests/built-in.a
  CC      net/wireless/core.o
  CC      net/sunrpc/auth_gss/gss_rpc_upcall.o
  CC      drivers/gpu/drm/msm/msm_atomic_tracepoints.o
  CC      drivers/base/regmap/regcache.o
  CC      drivers/gpu/drm/msm/msm_fb.o
  CC      drivers/base/regmap/regcache-rbtree.o
  CC      net/sunrpc/auth_gss/gss_rpc_xdr.o
  CC      drivers/gpu/drm/msm/msm_kms.o
  CC      net/wireless/sysfs.o
  CC      drivers/base/regmap/regcache-flat.o
  CC      drivers/base/regmap/regcache-maple.o
  CC      net/sunrpc/auth_gss/trace.o
  CC      drivers/gpu/drm/msm/msm_fbdev.o
  CC      net/wireless/radiotap.o
  CC      drivers/base/regmap/regmap-debugfs.o
  CC      net/sunrpc/auth_gss/gss_krb5_mech.o
  CC      drivers/gpu/drm/msm/adreno/adreno_device.o
  CC      net/wireless/util.o
  CC      drivers/base/regmap/regmap-i2c.o
  CC      drivers/gpu/drm/msm/adreno/adreno_gpu.o
  CC      net/sunrpc/auth_gss/gss_krb5_seal.o
  CC      drivers/base/regmap/regmap-spmi.o
  CC      drivers/base/regmap/regmap-mmio.o
  CC      net/sunrpc/auth_gss/gss_krb5_unseal.o
  CC      drivers/gpu/drm/msm/adreno/a2xx_catalog.o
  CC      net/wireless/reg.o
  CC      drivers/base/regmap/regmap-irq.o
  CC      net/sunrpc/auth_gss/gss_krb5_wrap.o
  CC      drivers/gpu/drm/msm/adreno/a2xx_gpu.o
  AR      drivers/base/regmap/built-in.a
  AR      drivers/base/test/built-in.a
  CC      drivers/base/component.o
  CC      net/sunrpc/auth_gss/gss_krb5_crypto.o
  CC      drivers/gpu/drm/msm/adreno/a2xx_gpummu.o
  CC      drivers/base/core.o
  CC      net/wireless/scan.o
  CC      drivers/gpu/drm/msm/adreno/a3xx_catalog.o
  AR      net/sunrpc/auth_gss/built-in.a
  CC      net/sunrpc/clnt.o
  CC      drivers/gpu/drm/msm/adreno/a3xx_gpu.o
  CC      drivers/base/bus.o
  CC      drivers/gpu/drm/msm/adreno/a4xx_catalog.o
  CC      net/sunrpc/xprt.o
  CC      net/wireless/nl80211.o
  CC      drivers/base/dd.o
  CC      drivers/gpu/drm/msm/adreno/a4xx_gpu.o
  CC      drivers/base/syscore.o
  CC      net/sunrpc/socklib.o
  CC      drivers/gpu/drm/msm/adreno/a5xx_catalog.o
  CC      drivers/base/driver.o
  CC      drivers/gpu/drm/msm/adreno/a5xx_gpu.o
  CC      net/sunrpc/xprtsock.o
  CC      drivers/base/class.o
  CC      drivers/base/platform.o
  CC      drivers/gpu/drm/msm/adreno/a5xx_power.o
  CC      drivers/base/cpu.o
  CC      net/sunrpc/sched.o
  CC      drivers/gpu/drm/msm/adreno/a5xx_preempt.o
  CC      drivers/base/firmware.o
  CC      drivers/gpu/drm/msm/adreno/a6xx_catalog.o
  CC      drivers/base/init.o
  CC      net/sunrpc/auth.o
  CC      drivers/base/map.o
  CC      drivers/gpu/drm/msm/adreno/a6xx_gpu.o
  CC      drivers/base/devres.o
  CC      net/sunrpc/auth_null.o
  CC      drivers/base/attribute_container.o
  CC      drivers/base/transport_class.o
  CC      net/sunrpc/auth_tls.o
  CC      drivers/base/topology.o
  CC      drivers/gpu/drm/msm/adreno/a6xx_gmu.o
  CC      drivers/base/container.o
  CC      net/sunrpc/auth_unix.o
  CC      drivers/base/property.o
  CC      net/sunrpc/svc.o
  CC      drivers/gpu/drm/msm/adreno/a6xx_hfi.o
  CC      drivers/base/cacheinfo.o
  CC      net/wireless/mlme.o
  CC      drivers/gpu/drm/msm/adreno/a6xx_preempt.o
  CC      drivers/base/swnode.o
  CC      net/sunrpc/svcsock.o
  CC      net/wireless/ibss.o
  CC      drivers/base/faux.o
  CC      drivers/gpu/drm/msm/adreno/a8xx_gpu.o
  CC      drivers/base/auxiliary.o
  CC      net/wireless/sme.o
  CC      net/sunrpc/svcauth.o
  CC      drivers/base/devtmpfs.o
  CC      drivers/gpu/drm/msm/adreno/a8xx_preempt.o
  CC      drivers/base/node.o
  CC      net/sunrpc/svcauth_unix.o
  CC      drivers/gpu/drm/msm/adreno/a5xx_debugfs.o
  CC      net/wireless/chan.o
  CC      drivers/base/memory.o
  CC      drivers/gpu/drm/msm/adreno/a6xx_gpu_state.o
  CC      net/sunrpc/addr.o
  CC      drivers/base/module.o
  CC      net/wireless/ethtool.o
  CC      drivers/base/auxiliary_sysfs.o
  CC      net/sunrpc/rpcb_clnt.o
  CC      drivers/base/hypervisor.o
  CC      net/wireless/mesh.o
  CC      drivers/base/soc.o
  CC      drivers/gpu/drm/msm/generated/a2xx_perfcntrs.json.o
  CC      drivers/gpu/drm/msm/generated/a5xx_perfcntrs.json.o
  CC      drivers/base/pinctrl.o
  CC      drivers/gpu/drm/msm/generated/a6xx_perfcntrs.json.o
  CC      net/sunrpc/timer.o
  CC      drivers/gpu/drm/msm/generated/a7xx_perfcntrs.json.o
  CC      net/wireless/ap.o
  CC      drivers/base/devcoredump.o
  CC      drivers/gpu/drm/msm/generated/a8xx_perfcntrs.json.o
  CC      drivers/gpu/drm/msm/hdmi/hdmi.o
  CC      net/sunrpc/xdr.o
  CC      drivers/base/platform-msi.o
  CC      net/wireless/trace.o
  CC      drivers/base/arch_topology.o
  CC      drivers/gpu/drm/msm/hdmi/hdmi_audio.o
  CC      net/wireless/ocb.o
  CC      drivers/gpu/drm/msm/hdmi/hdmi_bridge.o
  AR      drivers/base/built-in.a
  AR      net/mac80211/tests/built-in.a
  CC      net/mac80211/main.o
  CC      net/sunrpc/sunrpc_syms.o
  CC      net/wireless/michael-mic.o
  CC      drivers/gpu/drm/msm/hdmi/hdmi_hpd.o
  CC      net/sunrpc/cache.o
  CC      net/wireless/pmsr.o
  CC      net/mac80211/status.o
  CC      drivers/gpu/drm/msm/hdmi/hdmi_i2c.o
  CC      drivers/gpu/drm/msm/hdmi/hdmi_phy.o
  CC      net/wireless/of.o
  CC      net/sunrpc/rpc_pipe.o
  CC      net/mac80211/driver-ops.o
  CC      drivers/gpu/drm/msm/hdmi/hdmi_phy_8960.o
  GEN     net/wireless/shipped-certs.c
  CC      net/wireless/shipped-certs.o
  CC      net/sunrpc/sysfs.o
  CC      drivers/gpu/drm/msm/hdmi/hdmi_phy_8996.o
  CC      net/mac80211/sta_info.o
  AR      net/wireless/built-in.a
  CC      drivers/gpu/trace/trace_gpu_mem.o
  AR      drivers/gpu/trace/built-in.a
  AR      drivers/gpu/drm/bridge/analogix/built-in.a
  CC      drivers/gpu/drm/bridge/cadence/cdns-dsi-core.o
  CC      drivers/gpu/drm/msm/hdmi/hdmi_phy_8998.o
  CC      net/sunrpc/svc_xprt.o
  CC      drivers/gpu/drm/bridge/cadence/cdns-dsi-j721e.o
  CC      drivers/gpu/drm/msm/hdmi/hdmi_phy_8x60.o
  AR      drivers/gpu/drm/bridge/cadence/built-in.a
  AR      drivers/gpu/drm/bridge/imx/built-in.a
  AR      drivers/gpu/drm/bridge/synopsys/built-in.a
  CC      drivers/gpu/drm/bridge/aux-bridge.o
  CC      net/sunrpc/xprtmultipath.o
  CC      drivers/gpu/drm/msm/hdmi/hdmi_phy_8x74.o
  CC      net/mac80211/wep.o
  CC      drivers/gpu/drm/bridge/aux-hpd-bridge.o
  CC      drivers/gpu/drm/msm/hdmi/hdmi_pll_8960.o
  CC      drivers/gpu/drm/bridge/display-connector.o
  CC      net/sunrpc/netlink.o
  CC      net/mac80211/aead_api.o
  CC      drivers/gpu/drm/msm/disp/dpu1/dpu_core_perf.o
  CC      net/mac80211/wpa.o
  CC      net/sunrpc/backchannel_rqst.o
  AR      drivers/gpu/drm/bridge/built-in.a
  CC      drivers/mfd/mfd-core.o
  CC      drivers/gpu/drm/msm/disp/dpu1/dpu_crtc.o
  CC      drivers/mfd/qcom-spmi-pmic.o
  CC      net/sunrpc/stats.o
  CC      net/mac80211/scan.o
  CC      drivers/mfd/syscon.o
  CC      drivers/mfd/vexpress-sysreg.o
  CC      drivers/gpu/drm/msm/disp/dpu1/dpu_encoder.o
  CC      net/sunrpc/sysctl.o
  AR      drivers/mfd/built-in.a
  AR      drivers/nfc/built-in.a
  CC      net/rfkill/core.o
  CC      net/mac80211/offchannel.o
  AR      net/sunrpc/built-in.a
  AR      drivers/gpu/drm/hisilicon/built-in.a
  AR      drivers/gpu/drm/mxsfb/built-in.a
  CC      drivers/gpu/drm/msm/disp/dpu1/dpu_encoder_phys_cmd.o
  CC      net/rfkill/input.o
  AR      drivers/dax/hmem/built-in.a
  AR      drivers/dax/built-in.a
  CC      net/mac80211/ht.o
  AR      net/rfkill/built-in.a
  CC      net/dns_resolver/dns_key.o
  CC      drivers/gpu/drm/msm/disp/dpu1/dpu_encoder_phys_vid.o
  CC      net/switchdev/switchdev.o
  CC      net/dns_resolver/dns_query.o
  CC      net/mac80211/agg-tx.o
  CC      drivers/gpu/drm/msm/disp/dpu1/dpu_encoder_phys_wb.o
  AR      net/dns_resolver/built-in.a
  CC      net/l3mdev/l3mdev.o
  AR      net/switchdev/built-in.a
  AR      drivers/gpu/drm/sysfb/built-in.a
  AR      drivers/gpu/drm/tiny/built-in.a
  CC      drivers/dma-buf/heaps/system_heap.o
  CC      drivers/gpu/drm/msm/disp/dpu1/dpu_formats.o
  AR      net/l3mdev/built-in.a
  CC      net/mac80211/agg-rx.o
  AR      drivers/gpu/drm/xlnx/built-in.a
  AR      drivers/cxl/core/built-in.a
  AR      drivers/cxl/built-in.a
  AR      drivers/macintosh/built-in.a
  CC      drivers/gpu/drm/msm/disp/dpu1/dpu_hw_catalog.o
  CC      drivers/dma-buf/heaps/cma_heap.o
  CC      net/qrtr/af_qrtr.o
  AR      drivers/dma-buf/heaps/built-in.a
  CC      drivers/dma-buf/dma-buf.o
  CC      drivers/gpu/drm/msm/disp/dpu1/dpu_hw_cdm.o
  CC      net/mac80211/vht.o
  CC      drivers/gpu/drm/msm/disp/dpu1/dpu_hw_ctl.o
  CC      drivers/dma-buf/dma-fence.o
  CC      net/qrtr/ns.o
  CC      net/mac80211/he.o
  CC      drivers/gpu/drm/msm/disp/dpu1/dpu_hw_cwb.o
  CC      drivers/dma-buf/dma-fence-array.o
  CC      net/qrtr/smd.o
  CC      drivers/dma-buf/dma-fence-chain.o
  CC      net/mac80211/s1g.o
  CC      drivers/gpu/drm/msm/disp/dpu1/dpu_hw_dsc.o
  CC      net/qrtr/tun.o
  CC      drivers/dma-buf/dma-fence-unwrap.o
  CC      drivers/gpu/drm/msm/disp/dpu1/dpu_hw_dsc_1_2.o
  CC      drivers/dma-buf/dma-resv.o
  CC      net/mac80211/ibss.o
  CC      net/qrtr/mhi.o
  CC      drivers/gpu/drm/msm/disp/dpu1/dpu_hw_interrupts.o
  CC      drivers/dma-buf/dma-buf-mapping.o
  AR      net/qrtr/built-in.a
  AR      drivers/gpu/drm/gud/built-in.a
  AR      drivers/gpu/drm/sitronix/built-in.a
  CC      drivers/scsi/libsas/sas_init.o
  CC      drivers/dma-buf/dma-heap.o
  CC      drivers/gpu/drm/msm/disp/dpu1/dpu_hw_intf.o
  CC      net/mac80211/iface.o
  CC      drivers/scsi/libsas/sas_phy.o
  CC      drivers/dma-buf/sync_file.o
  CC      drivers/gpu/drm/msm/disp/dpu1/dpu_hw_lm.o
  CC      drivers/scsi/libsas/sas_port.o
  AR      drivers/dma-buf/built-in.a
  AR      drivers/nvme/common/built-in.a
  AR      drivers/nvme/host/built-in.a
  AR      drivers/nvme/target/built-in.a
  AR      drivers/nvme/built-in.a
  CC      net/handshake/alert.o
  CC      drivers/gpu/drm/msm/disp/dpu1/dpu_hw_pingpong.o
  CC      net/mac80211/link.o
  CC      drivers/scsi/libsas/sas_event.o
  CC      net/handshake/genl.o
  CC      drivers/gpu/drm/msm/disp/dpu1/dpu_hw_sspp.o
  CC      drivers/scsi/libsas/sas_discover.o
  CC      net/handshake/netlink.o
  CC      net/mac80211/rate.o
  CC      drivers/gpu/drm/msm/disp/dpu1/dpu_hw_sspp_v13.o
  CC      drivers/scsi/libsas/sas_expander.o
  CC      net/handshake/request.o
  CC      drivers/gpu/drm/msm/disp/dpu1/dpu_hw_dspp.o
  CC      net/mac80211/tkip.o
  CC      drivers/gpu/drm/msm/disp/dpu1/dpu_hw_merge3d.o
  CC      net/handshake/tlshd.o
  CC      drivers/scsi/libsas/sas_scsi_host.o
  CC      net/mac80211/aes_cmac.o
  CC      drivers/gpu/drm/msm/disp/dpu1/dpu_hw_top.o
  CC      net/handshake/trace.o
  CC      drivers/scsi/libsas/sas_task.o
  CC      net/mac80211/aes_gmac.o
  CC      drivers/gpu/drm/msm/disp/dpu1/dpu_hw_util.o
  CC      drivers/scsi/libsas/sas_host_smp.o
  AR      net/handshake/built-in.a
  AR      drivers/gpu/drm/solomon/built-in.a
  CC      drivers/scsi/scsi.o
  CC      net/mac80211/fils_aead.o
  CC      drivers/gpu/drm/msm/disp/dpu1/dpu_hw_vbif.o
  AR      drivers/scsi/libsas/built-in.a
  CC      drivers/spi/spi.o
  CC      drivers/scsi/hosts.o
  CC      drivers/gpu/drm/msm/disp/dpu1/dpu_hw_wb.o
  CC      net/mac80211/cfg.o
  CC      drivers/scsi/scsi_ioctl.o
  CC      drivers/gpu/drm/msm/disp/dpu1/dpu_kms.o
  CC      drivers/scsi/scsicam.o
  CC      drivers/spi/spi-mem.o
  CC      drivers/scsi/scsi_error.o
  CC      drivers/gpu/drm/msm/disp/dpu1/dpu_plane.o
  CC      drivers/spi/spi-geni-qcom.o
  CC      net/mac80211/ethtool.o
  CC      drivers/scsi/scsi_lib.o
  CC      drivers/gpu/drm/msm/disp/dpu1/dpu_rm.o
  CC      drivers/spi/spi-qup.o
  CC      net/mac80211/rx.o
  AR      drivers/spi/built-in.a
  CC      drivers/gpu/drm/msm/disp/dpu1/dpu_vbif.o
  CC      drivers/gpu/drm/drm_atomic.o
  CC      drivers/scsi/scsi_lib_dma.o
  CC      drivers/gpu/drm/msm/disp/dpu1/dpu_writeback.o
  CC      drivers/scsi/scsi_scan.o
  CC      drivers/spmi/spmi.o
  CC      drivers/gpu/drm/msm/msm_mdss.o
  CC      drivers/spmi/spmi-devres.o
  GEN     drivers/scsi/scsi_devinfo_tbl.c
  CC      drivers/scsi/scsi_devinfo.o
  CC      drivers/spmi/spmi-pmic-arb.o
  CC      drivers/gpu/drm/msm/disp/mdp_format.o
  CC      net/mac80211/spectmgmt.o
  CC      drivers/scsi/scsi_sysctl.o
  CC      drivers/gpu/drm/msm/disp/mdp_kms.o
  CC      net/mac80211/tx.o
  AR      drivers/spmi/built-in.a
  CC      drivers/scsi/scsi_debugfs.o
  CC      drivers/gpu/drm/msm/disp/msm_disp_snapshot.o
  CC      drivers/gpu/drm/drm_atomic_uapi.o
  CC      drivers/scsi/scsi_trace.o
  CC      drivers/gpu/drm/msm/disp/msm_disp_snapshot_util.o
  CC      drivers/scsi/scsi_logging.o
  CC      drivers/gpu/drm/msm/dp/dp_aux.o
  CC      net/mac80211/key.o
  CC      drivers/scsi/scsi_pm.o
  CC      drivers/gpu/drm/msm/dp/dp_ctrl.o
  CC      drivers/scsi/scsi_bsg.o
  CC      drivers/slimbus/core.o
  CC      drivers/scsi/scsi_common.o
  CC      net/mac80211/util.o
  CC      drivers/slimbus/messaging.o
  CC      drivers/scsi/scsi_transport_sas.o
  CC      drivers/slimbus/sched.o
  CC      drivers/gpu/drm/msm/dp/dp_debug.o
  CC      drivers/slimbus/stream.o
  CC      drivers/scsi/sd.o
  AR      drivers/slimbus/built-in.a
  CC      drivers/gpu/drm/drm_auth.o
  CC      drivers/gpu/drm/msm/dp/dp_display.o
  AR      drivers/net/phy/mediatek/built-in.a
  CC      drivers/net/phy/qcom/qcom-phy-lib.o
  CC      net/mac80211/parse.o
  CC      drivers/gpu/drm/msm/dp/dp_drm.o
  CC      drivers/net/phy/qcom/at803x.o
  CC      drivers/scsi/sd_dif.o
  CC      drivers/gpu/drm/msm/dp/dp_link.o
  CC      net/mac80211/wme.o
  CC      drivers/scsi/scsi_sysfs.o
  AR      drivers/net/phy/qcom/built-in.a
  CC      drivers/net/phy/stubs.o
  CC      drivers/gpu/drm/msm/dp/dp_panel.o
  CC      net/mac80211/chan.o
  CC      drivers/net/phy/mdio_bus.o
  AR      drivers/scsi/built-in.a
  CC      drivers/net/phy/phy.o
  CC      drivers/gpu/drm/msm/dp/dp_audio.o
  CC      drivers/gpu/drm/drm_blend.o
  CC      drivers/gpu/drm/msm/dp/dp_utils.o
  CC      drivers/net/phy/phy-c45.o
  AR      drivers/net/pse-pd/built-in.a
  AR      drivers/firewire/built-in.a
  CC      net/mac80211/ap.o
  CC      net/devres.o
  CC      drivers/gpu/drm/msm/hdmi/hdmi_hdcp.o
  CC      drivers/net/mdio/fwnode_mdio.o
  CC      net/mac80211/trace.o
  CC      drivers/net/phy/phy-core.o
  CC      drivers/gpu/drm/msm/dsi/dsi.o
  CC      drivers/net/mdio/of_mdio.o
  CC      net/mac80211/mlme.o
  CC      drivers/gpu/drm/msm/dsi/dsi_cfg.o
  CC      drivers/net/phy/phy_device.o
  AR      drivers/net/mdio/built-in.a
  CC      drivers/gpu/drm/drm_bridge.o
  CC      drivers/gpu/drm/msm/dsi/dsi_host.o
  CC      drivers/vfio/pci/vfio_pci_core.o
  CC      drivers/net/phy/linkmode.o
  CC      drivers/gpu/drm/msm/dsi/dsi_manager.o
  CC      drivers/net/phy/phy_link_topology.o
  CC      drivers/vfio/pci/vfio_pci_intrs.o
  CC      drivers/gpu/drm/msm/dsi/phy/dsi_phy.o
  CC      drivers/net/phy/phy_caps.o
  CC      drivers/vfio/pci/vfio_pci_rdwr.o
  CC      drivers/gpu/drm/msm/dsi/phy/dsi_phy_28nm.o
  CC      drivers/net/phy/mdio_bus_provider.o
  CC      drivers/vfio/pci/vfio_pci_config.o
  CC      drivers/gpu/drm/msm/dsi/phy/dsi_phy_7nm.o
  CC      net/mac80211/tdls.o
  CC      drivers/net/phy/phy_port.o
  CC      drivers/vfio/pci/vfio_pci.o
drivers/gpu/drm/msm/dsi/phy/dsi_phy_7nm.c: In function ‘dsi_pll_7nm_vco_prepare’:
drivers/gpu/drm/msm/dsi/phy/dsi_phy_7nm.c:501:9: warning: this ‘if’ clause does not guard... [-Wmisleading-indentation]
  501 |         if (unlikely(phy->pll_on))
      |         ^~
drivers/gpu/drm/msm/dsi/phy/dsi_phy_7nm.c:504:17: note: ...this statement, but the latter is misleadingly indented as if it were guarded by the ‘if’
  504 |                 if (!pll_7nm->vco_configured)
      |                 ^~
  AR      drivers/gpu/drm/msm/built-in.a
  CC      drivers/gpu/drm/drm_cache.o
  CC      drivers/net/phy/mdio_device.o
  AR      drivers/vfio/pci/built-in.a
  CC      drivers/vfio/vfio_main.o
  CC      net/mac80211/ocb.o
  CC      drivers/gpu/drm/drm_color_mgmt.o
  CC      drivers/net/phy/swphy.o
  CC      drivers/vfio/group.o
  CC      drivers/gpu/drm/drm_colorop.o
  CC      net/mac80211/airtime.o
  CC      drivers/net/phy/open_alliance_helpers.o
  CC      drivers/gpu/drm/drm_connector.o
  CC      drivers/vfio/container.o
  CC      drivers/net/phy/mdio_devres.o
  CC      drivers/vfio/virqfd.o
  CC      drivers/net/phy/dp83867.o
  CC      drivers/gpu/drm/drm_crtc.o
  CC      drivers/vfio/vfio_iommu_type1.o
  CC      net/mac80211/eht.o
  CC      drivers/net/phy/dp83td510.o
  CC      drivers/gpu/drm/drm_displayid.o
  CC      net/mac80211/uhr.o
  CC      drivers/gpu/drm/drm_drv.o
  CC      drivers/net/phy/fixed_phy.o
  AR      drivers/vfio/built-in.a
  CC      drivers/net/phy/marvell10g.o
  CC      net/mac80211/nan.o
  CC      drivers/gpu/drm/drm_dumb_buffers.o
  CC      drivers/net/phy/marvell-88q2xxx.o
  CC      drivers/gpu/drm/drm_edid.o
  CC      net/socket.o
  CC      net/mac80211/led.o
  CC      drivers/net/phy/rockchip.o
  AR      drivers/net/phy/built-in.a
  AR      drivers/net/pcs/built-in.a
  AR      drivers/net/ethernet/alibaba/built-in.a
  AR      drivers/net/ethernet/amazon/built-in.a
  CC      net/mac80211/pm.o
  AR      drivers/net/ethernet/amd/built-in.a
  AR      drivers/net/ethernet/atheros/built-in.a
  AR      drivers/net/ethernet/cadence/built-in.a
  AR      drivers/net/ethernet/broadcom/built-in.a
  AR      drivers/net/ethernet/cavium/common/built-in.a
  AR      drivers/net/ethernet/cavium/thunder/built-in.a
  AR      drivers/net/ethernet/cavium/liquidio/built-in.a
  AR      drivers/net/ethernet/cavium/octeon/built-in.a
  AR      drivers/net/ethernet/cavium/built-in.a
  AR      drivers/net/ethernet/hisilicon/built-in.a
  AR      drivers/net/ethernet/intel/libie/built-in.a
  AR      drivers/net/ethernet/intel/built-in.a
  AR      drivers/net/ethernet/i825xx/built-in.a
  AR      drivers/net/ethernet/marvell/octeon_ep/built-in.a
  AR      drivers/net/ethernet/marvell/octeon_ep_vf/built-in.a
  AR      drivers/net/ethernet/marvell/octeontx2/built-in.a
  AR      drivers/net/ethernet/marvell/prestera/built-in.a
  AR      drivers/net/ethernet/marvell/built-in.a
  AR      drivers/net/ethernet/mellanox/built-in.a
  AR      drivers/net/ethernet/mscc/built-in.a
  AR      drivers/net/ethernet/qualcomm/emac/built-in.a
  AR      drivers/net/ethernet/qualcomm/built-in.a
  AR      drivers/net/ethernet/realtek/built-in.a
  AR      drivers/net/ethernet/renesas/built-in.a
  AR      drivers/net/ethernet/smsc/built-in.a
  AR      drivers/net/ethernet/stmicro/built-in.a
  AR      drivers/net/ethernet/ti/built-in.a
  AR      drivers/net/ethernet/xilinx/built-in.a
  AR      drivers/net/ethernet/pensando/built-in.a
  AR      drivers/net/ethernet/zte/built-in.a
  AR      drivers/net/ethernet/built-in.a
  AR      drivers/net/wireless/admtek/built-in.a
  CC      drivers/net/wireless/ath/ath12k/wifi7/core.o
  CC      drivers/net/wireless/ath/ath12k/core.o
  CC      drivers/gpu/drm/drm_eld.o
  CC      drivers/gpu/drm/drm_encoder.o
  CC      net/mac80211/rc80211_minstrel_ht.o
  CC      drivers/net/wireless/ath/ath12k/wifi7/pci.o
  CC      drivers/gpu/drm/drm_file.o
  AR      drivers/cdrom/built-in.a
  AR      drivers/auxdisplay/built-in.a
  AR      drivers/net/usb/built-in.a
  CC      drivers/net/wireless/ath/ath12k/wifi7/wmi.o
  AR      drivers/net/wireless/atmel/built-in.a
  CC      net/compat.o
  CC      drivers/gpu/drm/drm_fourcc.o
  CC      net/mac80211/wbrf.o
  CC      drivers/gpu/drm/drm_framebuffer.o
  CC      drivers/net/wireless/ath/ath12k/wifi7/mhi.o
  CC      drivers/net/wireless/ath/ath12k/hal.o
  AR      net/mac80211/built-in.a
  CC      net/sysctl_net.o
  CC      drivers/gpu/drm/drm_gem.o
  CC      drivers/net/wireless/ath/ath12k/wifi7/ce.o
  AR      net/built-in.a
  CC      drivers/usb/common/common.o
  AR      drivers/net/wireless/broadcom/built-in.a
  CC      drivers/gpu/drm/drm_ioctl.o
  CC      drivers/net/wireless/ath/ath12k/wifi7/hw.o
  CC      drivers/input/serio/serio.o
  CC      drivers/usb/common/ulpi.o
  CC      drivers/gpu/drm/drm_lease.o
  AR      drivers/usb/common/built-in.a
  CC      drivers/usb/core/usb.o
  CC      drivers/input/serio/ambakmi.o
  CC      drivers/net/wireless/ath/ath12k/wifi7/hal_tx.o
  CC      drivers/gpu/drm/drm_managed.o
  CC      drivers/input/serio/libps2.o
  CC      drivers/usb/core/hub.o
  CC      drivers/gpu/drm/drm_mm.o
  CC      drivers/net/wireless/ath/ath12k/wifi7/hal_rx.o
  AR      drivers/input/serio/built-in.a
  CC      drivers/net/wireless/ath/ath12k/wifi7/dp_rx.o
  CC      drivers/gpu/drm/drm_mode_config.o
  AR      drivers/net/wireless/intersil/built-in.a
  CC      drivers/usb/phy/of.o
  CC      drivers/gpu/drm/drm_mode_object.o
  CC      drivers/net/wireless/ath/ath12k/wifi7/dp_tx.o
  CC      drivers/usb/phy/phy-ulpi.o
  CC      drivers/usb/core/hcd.o
  CC      drivers/gpu/drm/drm_modes.o
  CC      drivers/usb/phy/phy-ulpi-viewport.o
  CC      drivers/net/wireless/ath/ath12k/wifi7/dp.o
  AR      drivers/usb/phy/built-in.a
  CC      drivers/net/wireless/ath/ath12k/wmi.o
  CC      drivers/usb/core/urb.o
  CC      drivers/gpu/drm/drm_modeset_lock.o
  CC      drivers/gpu/drm/drm_plane.o
  CC      drivers/usb/core/message.o
  CC      drivers/net/wireless/ath/ath12k/wifi7/dp_mon.o
  CC      drivers/gpu/drm/drm_prime.o
  CC      drivers/usb/core/driver.o
  CC      drivers/gpu/drm/drm_print.o
  CC      drivers/net/wireless/ath/ath12k/wifi7/hal.o
  CC      drivers/usb/core/config.o
  CC      drivers/gpu/drm/drm_property.o
  CC      drivers/net/wireless/ath/ath12k/wifi7/hal_qcn9274.o
  CC      drivers/net/wireless/ath/ath12k/wifi7/hal_wcn7850.o
  CC      drivers/usb/core/file.o
  CC      drivers/gpu/drm/drm_rect.o
  CC      drivers/gpu/drm/drm_syncobj.o
  CC      drivers/usb/core/buffer.o
  CC      drivers/input/keyboard/atkbd.o
  CC      drivers/net/wireless/ath/ath12k/wifi7/hal_qcc2072.o
  CC      drivers/usb/core/sysfs.o
  CC      drivers/input/keyboard/gpio_keys.o
  CC      drivers/gpu/drm/drm_sysfs.o
  AR      drivers/net/wireless/ath/ath12k/wifi7/built-in.a
  CC      drivers/net/wireless/ath/ath12k/mac.o
  CC      drivers/usb/core/endpoint.o
  CC      drivers/usb/core/devio.o
  CC      drivers/input/keyboard/imx-sm-bbm-key.o
  CC      drivers/gpu/drm/drm_trace_points.o
  CC      drivers/gpu/drm/drm_vblank.o
  AR      drivers/input/keyboard/built-in.a
  CC      drivers/input/mouse/psmouse-base.o
  CC      drivers/input/mouse/synaptics.o
  CC      drivers/gpu/drm/drm_vblank_work.o
  CC      drivers/usb/core/notify.o
  CC      drivers/gpu/drm/drm_vma_manager.o
  CC      drivers/usb/core/generic.o
  CC      drivers/input/mouse/focaltech.o
  CC      drivers/gpu/drm/drm_writeback.o
  CC      drivers/usb/core/quirks.o
  CC      drivers/input/mouse/alps.o
  CC      drivers/usb/core/devices.o
  CC      drivers/gpu/drm/drm_client.o
  CC      drivers/usb/core/phy.o
  CC      drivers/gpu/drm/drm_client_event.o
  CC      drivers/input/mouse/byd.o
  CC      drivers/usb/core/port.o
  CC      drivers/gpu/drm/drm_client_modeset.o
  CC      drivers/input/mouse/logips2pp.o
  CC      drivers/net/wireless/ath/ath12k/reg.o
  CC      drivers/input/mouse/trackpoint.o
  CC      drivers/usb/core/trace.o
  CC      drivers/gpu/drm/drm_client_sysrq.o
  CC      drivers/input/mouse/cypress_ps2.o
  CC      drivers/usb/core/of.o
  CC      drivers/net/wireless/ath/ath12k/htc.o
  CC      drivers/gpu/drm/drm_ioc32.o
  CC      drivers/input/mouse/psmouse-smbus.o
  CC      drivers/usb/core/offload.o
  CC      drivers/gpu/drm/drm_panel.o
  CC      drivers/net/wireless/ath/ath12k/qmi.o
  CC      drivers/usb/core/hcd-pci.o
  AR      drivers/input/mouse/built-in.a
  AR      drivers/input/touchscreen/built-in.a
  CC      drivers/input/misc/pm8941-pwrkey.o
  CC      drivers/gpu/drm/drm_of.o
  CC      drivers/usb/core/../misc/onboard_usb_dev_pdevs.o
  CC      drivers/input/misc/uinput.o
  CC      drivers/gpu/drm/drm_pci.o
  AR      drivers/usb/core/built-in.a
  CC      drivers/usb/dwc3/core.o
  CC      drivers/net/wireless/ath/ath12k/dp.o
  CC      drivers/input/misc/xen-kbdfront.o
  CC      drivers/gpu/drm/drm_debugfs.o
  AR      drivers/input/misc/built-in.a
  CC      drivers/input/input.o
  CC      drivers/gpu/drm/drm_debugfs_crc.o
  CC      drivers/usb/dwc3/host.o
  CC      drivers/net/wireless/ath/ath12k/dp_tx.o
  CC      drivers/gpu/drm/drm_draw.o
  CC      drivers/input/input-compat.o
  CC      drivers/usb/dwc3/gadget.o
  CC      drivers/gpu/drm/drm_panel_orientation_quirks.o
  CC      drivers/input/input-mt.o
  CC      drivers/net/wireless/ath/ath12k/dp_rx.o
  CC      drivers/gpu/drm/drm_exec.o
  CC      drivers/input/input-poller.o
  CC      drivers/input/ff-core.o
  CC      drivers/gpu/drm/drm_gpuvm.o
  CC      drivers/usb/dwc3/ep0.o
  CC      drivers/net/wireless/ath/ath12k/dp_htt.o
  CC      drivers/input/touchscreen.o
  CC      drivers/input/touch-overlay.o
  CC      drivers/usb/dwc3/drd.o
  CC      drivers/gpu/drm/drm_atomic_helper.o
  CC      drivers/input/matrix-keymap.o
  CC      drivers/net/wireless/ath/ath12k/dp_peer.o
  CC      drivers/input/vivaldi-fmap.o
  CC      drivers/usb/dwc3/debugfs.o
  CC      drivers/input/input-leds.o
  CC      drivers/input/evdev.o
  CC      drivers/usb/dwc3/dwc3-haps.o
  CC      drivers/gpu/drm/drm_atomic_state_helper.o
  CC      drivers/net/wireless/ath/ath12k/debug.o
  CC      drivers/usb/dwc3/dwc3-of-simple.o
  CC      drivers/gpu/drm/drm_bridge_helper.o
  AR      drivers/input/built-in.a
  CC      drivers/gpu/drm/drm_crtc_helper.o
  CC      drivers/net/wireless/ath/ath12k/ce.o
  CC      drivers/usb/dwc3/dwc3-qcom.o
  CC      drivers/usb/dwc3/dwc3-qcom-legacy.o
  CC      drivers/gpu/drm/drm_damage_helper.o
  AR      drivers/net/wireless/mediatek/built-in.a
  CC      drivers/usb/host/pci-quirks.o
  CC      drivers/usb/dwc3/dwc3-generic-plat.o
  CC      drivers/net/wireless/ath/ath12k/peer.o
  CC      drivers/gpu/drm/drm_flip_work.o
  CC      drivers/usb/host/ehci-hcd.o
  AR      drivers/usb/dwc3/built-in.a
  CC      drivers/rtc/lib.o
  CC      drivers/gpu/drm/drm_format_helper.o
  CC      drivers/rtc/class.o
  CC      drivers/net/wireless/ath/ath12k/dbring.o
  CC      drivers/gpu/drm/drm_gem_atomic_helper.o
  CC      drivers/rtc/interface.o
  CC      drivers/gpu/drm/drm_gem_framebuffer_helper.o
  CC      drivers/net/wireless/ath/ath12k/mhi.o
  CC      drivers/rtc/nvmem.o
  CC      drivers/usb/host/ehci-pci.o
  CC      drivers/gpu/drm/drm_kms_helper_common.o
  CC      drivers/rtc/dev.o
  CC      drivers/gpu/drm/drm_modeset_helper.o
  CC      drivers/net/wireless/ath/ath12k/pci.o
  CC      drivers/usb/host/ehci-platform.o
  CC      drivers/rtc/proc.o
  CC      drivers/gpu/drm/drm_plane_helper.o
  CC      drivers/rtc/sysfs.o
  CC      drivers/usb/host/ohci-hcd.o
  CC      drivers/gpu/drm/drm_probe_helper.o
  CC      drivers/rtc/rtc-efi.o
  CC      drivers/net/wireless/ath/ath12k/dp_mon.o
  AR      drivers/rtc/built-in.a
  AR      drivers/net/wireless/morsemicro/built-in.a
  CC      drivers/usb/storage/scsiglue.o
  CC      drivers/gpu/drm/drm_self_refresh_helper.o
  CC      drivers/usb/host/ohci-pci.o
  CC      drivers/gpu/drm/drm_simple_kms_helper.o
  CC      drivers/usb/storage/protocol.o
  CC      drivers/net/wireless/ath/ath12k/fw.o
  CC      drivers/usb/host/ohci-platform.o
  CC      drivers/usb/storage/transport.o
  CC      drivers/gpu/drm/drm_vblank_helper.o
  CC      drivers/net/wireless/ath/ath12k/p2p.o
  CC      drivers/gpu/drm/bridge/panel.o
  CC      drivers/usb/host/xhci.o
  CC      drivers/usb/storage/usb.o
  CC      drivers/gpu/drm/drm_fb_helper.o
  CC      drivers/net/wireless/ath/ath12k/wow.o
  CC      drivers/usb/storage/initializers.o
  CC      drivers/usb/storage/sierra_ms.o
  CC      drivers/gpu/drm/drm_mipi_dsi.o
  CC      drivers/net/wireless/ath/ath12k/thermal.o
  CC      drivers/usb/host/xhci-mem.o
  CC      drivers/usb/storage/option_ms.o
  AR      drivers/gpu/drm/built-in.a
  AR      drivers/gpu/built-in.a
  AR      drivers/usb/misc/built-in.a
  AR      drivers/net/wireless/nxp/built-in.a
  CC      drivers/usb/host/xhci-ext-caps.o
  CC      drivers/usb/storage/usual-tables.o
  AR      drivers/net/wireless/ath/ath12k/built-in.a
  AR      drivers/net/wireless/ath/built-in.a
  AR      drivers/net/wireless/realtek/built-in.a
  AR      drivers/i2c/algos/built-in.a
  AR      drivers/net/wireless/rsi/built-in.a
  AR      drivers/net/wireless/silabs/built-in.a
  CC      drivers/i2c/busses/i2c-designware-common.o
  AR      drivers/net/wireless/st/built-in.a
  AR      drivers/net/wireless/ti/built-in.a
  AR      drivers/net/wireless/zydas/built-in.a
  AR      drivers/net/wireless/virtual/built-in.a
  AR      drivers/net/wireless/built-in.a
  CC      drivers/net/loopback.o
  AR      drivers/usb/storage/built-in.a
  CC      drivers/usb/gadget/udc/bdc/bdc_core.o
  CC      drivers/usb/host/xhci-ring.o
  CC      drivers/i2c/busses/i2c-designware-master.o
  CC      drivers/usb/gadget/udc/bdc/bdc_cmd.o
  CC      drivers/net/tun.o
  CC      drivers/usb/gadget/udc/bdc/bdc_ep.o
  CC      drivers/i2c/busses/i2c-designware-slave.o
  CC      drivers/usb/host/xhci-hub.o
  CC      drivers/i2c/busses/i2c-qcom-geni.o
  CC      drivers/usb/gadget/udc/bdc/bdc_udc.o
  CC      drivers/usb/host/xhci-dbg.o
  AR      drivers/usb/gadget/udc/bdc/built-in.a
  CC      drivers/usb/gadget/udc/core.o
  CC      drivers/i2c/busses/i2c-qup.o
  CC      drivers/usb/host/xhci-trace.o
  CC      drivers/net/virtio_net.o
  CC      drivers/usb/host/xhci-debugfs.o
  CC      drivers/usb/gadget/udc/trace.o
  AR      drivers/i2c/busses/built-in.a
  AR      drivers/i2c/muxes/built-in.a
  CC      drivers/i2c/i2c-boardinfo.o
  CC      drivers/usb/gadget/udc/snps_udc_core.o
  CC      drivers/usb/host/xhci-sideband.o
  CC      drivers/i2c/i2c-core-base.o
  CC      drivers/usb/host/xhci-pci.o
  CC      drivers/usb/gadget/udc/snps_udc_plat.o
  CC      drivers/i2c/i2c-core-smbus.o
  CC      drivers/usb/host/xhci-plat.o
  AR      drivers/usb/gadget/udc/built-in.a
  CC      drivers/usb/gadget/function/f_acm.o
  CC      drivers/usb/gadget/function/u_serial.o
  CC      drivers/i2c/i2c-core-slave.o
  AR      drivers/usb/host/built-in.a
  AR      drivers/i3c/built-in.a
  CC      drivers/usb/gadget/function/f_serial.o
  CC      drivers/net/xen-netfront.o
  CC      drivers/i2c/i2c-core-of.o
  CC      drivers/usb/typec/altmodes/displayport.o
  CC      drivers/usb/gadget/function/f_obex.o
  CC      drivers/i2c/i2c-core-of-prober.o
  CC      drivers/usb/gadget/function/u_ether.o
  AR      drivers/usb/typec/altmodes/built-in.a
  CC      drivers/usb/typec/tcpm/qcom/qcom_pmic_typec.o
  CC      drivers/i2c/i2c-dev.o
  CC      drivers/net/net_failover.o
  CC      drivers/usb/typec/tcpm/qcom/qcom_pmic_typec_port.o
  CC      drivers/usb/gadget/function/f_ncm.o
  CC      drivers/i2c/i2c-mux.o
  CC      drivers/usb/typec/tcpm/qcom/qcom_pmic_typec_pdphy.o
  AR      drivers/net/built-in.a
  AR      drivers/usb/gadget/legacy/built-in.a
  CC      drivers/usb/roles/class.o
  CC      drivers/usb/gadget/function/f_ecm.o
  AR      drivers/i2c/built-in.a
  CC      drivers/usb/typec/ucsi/ucsi.o
  AR      drivers/usb/roles/built-in.a
  CC      drivers/usb/typec/tcpm/qcom/qcom_pmic_typec_pdphy_stub.o
  CC      drivers/usb/typec/ucsi/debugfs.o
  CC      drivers/usb/typec/tcpm/tcpm.o
  AR      drivers/usb/typec/tcpm/qcom/built-in.a
  CC      drivers/usb/gadget/function/f_eem.o
  CC      drivers/usb/gadget/usbstring.o
  CC      drivers/usb/typec/ucsi/psy.o
  CC      drivers/usb/gadget/config.o
  CC      drivers/usb/gadget/function/f_subset.o
  CC      drivers/usb/typec/ucsi/displayport.o
  CC      drivers/usb/typec/ucsi/ucsi_glink.o
  AR      drivers/media/i2c/built-in.a
  AR      drivers/media/tuners/built-in.a
  AR      drivers/media/rc/keymaps/built-in.a
  CC      drivers/media/rc/rc-main.o
  CC      drivers/usb/gadget/function/f_rndis.o
  AR      drivers/usb/typec/ucsi/built-in.a
  AR      drivers/pps/clients/built-in.a
  CC      drivers/pps/pps.o
  CC      drivers/pps/kapi.o
  CC      drivers/media/rc/rc-ir-raw.o
  CC      drivers/usb/gadget/function/rndis.o
  CC      drivers/pps/sysfs.o
  AR      drivers/usb/typec/tcpm/built-in.a
  CC      drivers/usb/typec/mux/fsa4480.o
  CC      drivers/media/rc/lirc_dev.o
  AR      drivers/pps/built-in.a
  CC      drivers/ptp/ptp_clock.o
  CC      drivers/usb/gadget/function/f_mass_storage.o
  CC      drivers/usb/typec/mux/gpio-sbu-mux.o
  AR      drivers/media/rc/built-in.a
  CC      drivers/media/cec/core/cec-core.o
  CC      drivers/usb/typec/mux/nb7vpq904m.o
  CC      drivers/ptp/ptp_chardev.o
  CC      drivers/media/cec/core/cec-adap.o
  CC      drivers/usb/typec/mux/wcd939x-usbss.o
  CC      drivers/usb/gadget/function/storage_common.o
  CC      drivers/ptp/ptp_sysfs.o
  AR      drivers/usb/typec/mux/built-in.a
  CC      drivers/media/cec/core/cec-api.o
  CC      drivers/usb/typec/class.o
  CC      drivers/usb/gadget/function/f_fs.o
  CC      drivers/ptp/ptp_vclock.o
  CC      drivers/media/cec/core/cec-notifier.o
  CC      drivers/ptp/ptp_kvm_arm.o
  CC      drivers/usb/typec/mux.o
  CC      drivers/ptp/ptp_kvm_common.o
  AR      drivers/media/cec/core/built-in.a
  AR      drivers/media/cec/i2c/built-in.a
  AR      drivers/media/cec/platform/meson/built-in.a
  AR      drivers/media/cec/platform/built-in.a
  AR      drivers/media/cec/usb/built-in.a
  AR      drivers/media/cec/built-in.a
  AR      drivers/media/common/b2c2/built-in.a
  AR      drivers/media/common/saa7146/built-in.a
  AR      drivers/media/common/siano/built-in.a
  AR      drivers/media/common/v4l2-tpg/built-in.a
  AR      drivers/media/common/videobuf2/built-in.a
  AR      drivers/media/common/built-in.a
  AR      drivers/media/platform/allegro-dvt/built-in.a
  AR      drivers/media/platform/amd/isp4/built-in.a
  AR      drivers/media/platform/amd/built-in.a
  CC      drivers/usb/typec/bus.o
  AR      drivers/media/platform/amlogic/c3/isp/built-in.a
  AR      drivers/media/platform/amlogic/c3/mipi-adapter/built-in.a
  AR      drivers/media/platform/amlogic/c3/mipi-csi2/built-in.a
  AR      drivers/media/platform/amlogic/c3/built-in.a
  AR      drivers/media/platform/amlogic/meson-ge2d/built-in.a
  AR      drivers/media/platform/amlogic/built-in.a
  AR      drivers/media/platform/amphion/built-in.a
  AR      drivers/media/platform/arm/mali-c55/built-in.a
  AR      drivers/media/platform/arm/built-in.a
  AR      drivers/media/platform/aspeed/built-in.a
  CC      drivers/ptp/ptp_vmclock.o
  AR      drivers/media/platform/atmel/built-in.a
  AR      drivers/media/platform/broadcom/built-in.a
  AR      drivers/media/platform/cadence/built-in.a
  AR      drivers/media/platform/chips-media/coda/built-in.a
  AR      drivers/media/platform/chips-media/wave5/built-in.a
  AR      drivers/media/platform/chips-media/built-in.a
  AR      drivers/media/platform/dreamchip/rppx1/built-in.a
  AR      drivers/media/platform/dreamchip/built-in.a
  AR      drivers/media/platform/imagination/built-in.a
  AR      drivers/media/platform/intel/built-in.a
  AR      drivers/media/platform/marvell/built-in.a
  AR      drivers/media/platform/mediatek/jpeg/built-in.a
  AR      drivers/media/platform/mediatek/mdp/built-in.a
  AR      drivers/media/platform/mediatek/vcodec/common/built-in.a
  AR      drivers/media/platform/mediatek/vcodec/encoder/built-in.a
  AR      drivers/media/platform/mediatek/vcodec/decoder/built-in.a
  AR      drivers/media/platform/mediatek/vcodec/built-in.a
  AR      drivers/media/platform/mediatek/vpu/built-in.a
  AR      drivers/media/platform/mediatek/mdp3/built-in.a
  AR      drivers/media/platform/mediatek/built-in.a
  AR      drivers/media/platform/microchip/built-in.a
  AR      drivers/media/platform/nuvoton/built-in.a
  AR      drivers/media/platform/nvidia/tegra-vde/built-in.a
  AR      drivers/media/platform/nvidia/built-in.a
  AR      drivers/media/platform/nxp/dw100/built-in.a
  AR      drivers/media/platform/nxp/imx-jpeg/built-in.a
  AR      drivers/media/platform/nxp/imx8-isi/built-in.a
  AR      drivers/media/platform/nxp/built-in.a
  AR      drivers/media/platform/qcom/camss/built-in.a
  AR      drivers/media/platform/qcom/iris/built-in.a
  CC      drivers/usb/gadget/function/f_hid.o
  AR      drivers/media/platform/qcom/venus/built-in.a
  AR      drivers/media/platform/qcom/built-in.a
  AR      drivers/media/platform/raspberrypi/pisp_be/built-in.a
  AR      drivers/media/platform/raspberrypi/rp1-cfe/built-in.a
  AR      drivers/media/platform/raspberrypi/built-in.a
  AR      drivers/media/platform/renesas/rcar-isp/built-in.a
  AR      drivers/media/platform/renesas/rcar-vin/built-in.a
  AR      drivers/media/platform/renesas/rzg2l-cru/built-in.a
  AR      drivers/media/platform/renesas/rzv2h-ivc/built-in.a
  AR      drivers/media/platform/renesas/vsp1/built-in.a
  CC      drivers/usb/typec/pd.o
  AR      drivers/media/platform/renesas/built-in.a
  AR      drivers/media/platform/rockchip/rga/built-in.a
  AR      drivers/media/platform/rockchip/rkcif/built-in.a
  AR      drivers/media/platform/rockchip/rkisp1/built-in.a
  AR      drivers/media/platform/rockchip/rkvdec/built-in.a
  AR      drivers/media/platform/rockchip/built-in.a
  AR      drivers/media/platform/samsung/exynos-gsc/built-in.a
  AR      drivers/media/platform/samsung/exynos4-is/built-in.a
  AR      drivers/media/platform/samsung/s3c-camif/built-in.a
  AR      drivers/media/platform/samsung/s5p-g2d/built-in.a
  AR      drivers/media/platform/samsung/s5p-jpeg/built-in.a
  AR      drivers/media/platform/samsung/s5p-mfc/built-in.a
  AR      drivers/media/platform/samsung/built-in.a
  AR      drivers/media/platform/st/sti/bdisp/built-in.a
  AR      drivers/media/platform/st/sti/delta/built-in.a
  AR      drivers/media/platform/st/sti/hva/built-in.a
  AR      drivers/media/platform/st/stm32/built-in.a
  AR      drivers/media/platform/st/built-in.a
  AR      drivers/media/platform/sunxi/sun4i-csi/built-in.a
  AR      drivers/media/platform/sunxi/sun6i-csi/built-in.a
  AR      drivers/media/platform/sunxi/sun6i-mipi-csi2/built-in.a
  AR      drivers/media/platform/sunxi/sun8i-a83t-mipi-csi2/built-in.a
  AR      drivers/media/platform/sunxi/sun8i-di/built-in.a
  AR      drivers/media/platform/sunxi/sun8i-rotate/built-in.a
  AR      drivers/media/platform/sunxi/built-in.a
  AR      drivers/media/platform/synopsys/hdmirx/built-in.a
  AR      drivers/media/platform/synopsys/built-in.a
  AR      drivers/media/platform/ti/am437x/built-in.a
  AR      drivers/media/platform/ti/cal/built-in.a
  AR      drivers/media/platform/ti/vpe/built-in.a
  AR      drivers/media/platform/ti/davinci/built-in.a
  AR      drivers/media/platform/ti/j721e-csi2rx/built-in.a
  AR      drivers/media/platform/ti/omap/built-in.a
  AR      drivers/media/platform/ti/omap3isp/built-in.a
  AR      drivers/media/platform/ti/built-in.a
  AR      drivers/ptp/built-in.a
  CC      drivers/usb/gadget/epautoconf.o
  AR      drivers/media/platform/verisilicon/built-in.a
  AR      drivers/media/platform/via/built-in.a
  AR      drivers/media/platform/xilinx/built-in.a
  AR      drivers/media/platform/built-in.a
  AR      drivers/media/pci/ttpci/built-in.a
  AR      drivers/media/pci/b2c2/built-in.a
  AR      drivers/media/pci/pluto2/built-in.a
  AR      drivers/media/pci/dm1105/built-in.a
  AR      drivers/media/pci/pt1/built-in.a
  AR      drivers/media/pci/pt3/built-in.a
  AR      drivers/media/pci/mantis/built-in.a
  AR      drivers/media/pci/ngene/built-in.a
  AR      drivers/media/pci/ddbridge/built-in.a
  AR      drivers/media/pci/saa7146/built-in.a
  AR      drivers/media/pci/smipcie/built-in.a
  AR      drivers/media/pci/netup_unidvb/built-in.a
  AR      drivers/media/pci/intel/ipu3/built-in.a
  AR      drivers/media/pci/intel/ivsc/built-in.a
  AR      drivers/media/pci/intel/built-in.a
  AR      drivers/media/pci/built-in.a
  CC      drivers/usb/typec/retimer.o
  AR      drivers/media/usb/b2c2/built-in.a
  AR      drivers/media/usb/dvb-usb/built-in.a
  AR      drivers/media/usb/dvb-usb-v2/built-in.a
  AR      drivers/media/usb/s2255/built-in.a
  AR      drivers/media/usb/siano/built-in.a
  AR      drivers/media/usb/ttusb-budget/built-in.a
  AR      drivers/media/usb/ttusb-dec/built-in.a
  AR      drivers/media/usb/built-in.a
  AR      drivers/media/mmc/siano/built-in.a
  AR      drivers/media/mmc/built-in.a
  AR      drivers/media/firewire/built-in.a
  AR      drivers/media/spi/built-in.a
  AR      drivers/media/test-drivers/built-in.a
  AR      drivers/media/built-in.a
  CC      drivers/usb/gadget/composite.o
  CC      drivers/usb/typec/mode_selection.o
  AR      drivers/usb/gadget/function/built-in.a
  CC      drivers/power/reset/gpio-poweroff.o
  CC      drivers/hwmon/hwmon.o
  AR      drivers/usb/typec/built-in.a
  CC      drivers/usb/gadget/functions.o
  CC      drivers/power/reset/gpio-restart.o
  CC      drivers/power/reset/msm-poweroff.o
  CC      drivers/usb/gadget/configfs.o
  CC      drivers/hwmon/scmi-hwmon.o
  CC      drivers/power/sequencing/core.o
  CC      drivers/power/reset/qcom-pon.o
  AR      drivers/hwmon/built-in.a
  CC      drivers/power/supply/power_supply_core.o
  CC      drivers/power/sequencing/pwrseq-qcom-wcn.o
  CC      drivers/power/reset/syscon-poweroff.o
  CC      drivers/usb/gadget/u_f.o
  CC      drivers/power/reset/reboot-mode.o
  CC      drivers/power/supply/power_supply_sysfs.o
  AR      drivers/power/sequencing/built-in.a
  AR      drivers/thermal/broadcom/built-in.a
  AR      drivers/thermal/renesas/built-in.a
  AR      drivers/thermal/samsung/built-in.a
  AR      drivers/usb/gadget/built-in.a
  AR      drivers/thermal/intel/built-in.a
  AR      drivers/usb/built-in.a
  AR      drivers/thermal/st/built-in.a
  CC      drivers/thermal/qcom/tsens.o
  CC      drivers/watchdog/watchdog_core.o
  CC      drivers/power/reset/syscon-reboot-mode.o
  CC      drivers/power/supply/power_supply_leds.o
  CC      drivers/watchdog/watchdog_dev.o
  CC      drivers/power/reset/nvmem-reboot-mode.o
  CC      drivers/power/supply/power_supply_hwmon.o
  CC      drivers/thermal/qcom/tsens-v2.o
  AR      drivers/power/reset/built-in.a
  AR      drivers/thermal/tegra/built-in.a
  CC      drivers/power/supply/qcom_battmgr.o
  CC      drivers/md/dm-builtin.o
  AR      drivers/watchdog/built-in.a
  CC      drivers/thermal/qcom/tsens-v1.o
  AR      drivers/thermal/mediatek/built-in.a
  CC      drivers/power/supply/bq27xxx_battery.o
  CC      drivers/edac/edac_mc.o
  CC      drivers/thermal/qcom/tsens-v0_1.o
  AR      drivers/md/built-in.a
  AR      drivers/thermal/spacemit/built-in.a
  CC      drivers/power/supply/bq27xxx_battery_i2c.o
  CC      drivers/thermal/qcom/tsens-8960.o
  CC      drivers/edac/edac_device.o
  CC      drivers/thermal/qcom/qcom-spmi-adc-tm5.o
  AR      drivers/power/supply/built-in.a
  AR      drivers/power/built-in.a
  CC      drivers/thermal/thermal_core.o
  CC      drivers/thermal/thermal_sysfs.o
  CC      drivers/edac/edac_mc_sysfs.o
  CC      drivers/thermal/qcom/qcom-spmi-temp-alarm.o
  CC      drivers/edac/edac_module.o
  CC      drivers/opp/core.o
  CC      drivers/cpufreq/cpufreq.o
  CC      drivers/edac/edac_device_sysfs.o
  AR      drivers/thermal/qcom/built-in.a
  CC      drivers/thermal/thermal_trip.o
  CC      drivers/thermal/thermal_helpers.o
  CC      drivers/edac/wq.o
  CC      drivers/thermal/thermal_thresholds.o
  CC      drivers/edac/edac_pci.o
  CC      drivers/opp/cpu.o
  CC      drivers/thermal/thermal_hwmon.o
  CC      drivers/cpufreq/freq_table.o
  CC      drivers/opp/of.o
  CC      drivers/thermal/thermal_of.o
  CC      drivers/edac/edac_pci_sysfs.o
  CC      drivers/cpufreq/cpufreq_stats.o
  CC      drivers/thermal/gov_step_wise.o
  CC      drivers/cpufreq/cpufreq_performance.o
  CC      drivers/edac/qcom_edac.o
  CC      drivers/opp/debugfs.o
  CC      drivers/cpufreq/cpufreq_powersave.o
  CC      drivers/thermal/gov_power_allocator.o
  AR      drivers/opp/built-in.a
  CC      drivers/thermal/cpufreq_cooling.o
  AR      drivers/edac/built-in.a
  CC      drivers/thermal/devfreq_cooling.o
  CC      drivers/cpufreq/cpufreq_userspace.o
  CC      drivers/thermal/thermal-generic-adc.o
  CC      drivers/cpufreq/cpufreq_ondemand.o
  CC      drivers/cpuidle/governors/menu.o
  CC      drivers/mmc/core/core.o
  AR      drivers/thermal/built-in.a
  CC      drivers/cpufreq/cpufreq_governor.o
  AR      drivers/cpuidle/governors/built-in.a
  CC      drivers/cpuidle/cpuidle.o
  CC      drivers/mmc/host/mmci.o
  CC      drivers/cpufreq/cpufreq_governor_attr_set.o
  CC      drivers/mmc/core/bus.o
  CC      drivers/cpufreq/cpufreq-dt.o
  CC      drivers/cpuidle/driver.o
  CC      drivers/mmc/host/mmci_qcom_dml.o
  CC      drivers/mmc/core/host.o
  CC      drivers/cpuidle/governor.o
  CC      drivers/cpufreq/cpufreq-dt-platdev.o
  CC      drivers/cpuidle/sysfs.o
  CC      drivers/mmc/host/mmci_stm32_sdmmc.o
  CC      drivers/cpufreq/qcom-cpufreq-hw.o
  CC      drivers/mmc/core/mmc.o
  CC      drivers/cpuidle/dt_idle_states.o
  CC      drivers/cpufreq/qcom-cpufreq-nvmem.o
  CC      drivers/mmc/host/sdhci.o
  CC      drivers/cpuidle/dt_idle_genpd.o
  CC      drivers/cpufreq/scmi-cpufreq.o
  CC      drivers/mmc/core/mmc_ops.o
  CC      drivers/cpuidle/cpuidle-psci.o
  CC      drivers/cpufreq/scpi-cpufreq.o
  CC      drivers/cpuidle/cpuidle-psci-domain.o
  CC      drivers/mmc/core/sd.o
  AR      drivers/cpufreq/built-in.a
  CC      drivers/mmc/core/sd_ops.o
  AR      drivers/cpuidle/built-in.a
  CC      drivers/mmc/host/mmc_spi.o
  CC      drivers/mmc/core/sdio.o
  CC      drivers/ufs/core/ufshcd.o
  CC      drivers/mmc/host/of_mmc_spi.o
  AR      drivers/firmware/arm_ffa/built-in.a
  CC      drivers/firmware/arm_scmi/transports/smc.o
  CC      drivers/mmc/core/sdio_ops.o
  CC      drivers/mmc/host/dw_mmc.o
  CC      drivers/firmware/arm_scmi/transports/mailbox.o
  CC      drivers/mmc/core/sdio_bus.o
  CC      drivers/firmware/arm_scmi/transports/optee.o
  CC      drivers/mmc/core/sdio_cis.o
  AR      drivers/firmware/arm_scmi/transports/built-in.a
  CC      drivers/firmware/arm_scmi/vendors/imx/imx-sm-bbm.o
  CC      drivers/mmc/host/dw_mmc-pltfm.o
  CC      drivers/mmc/core/sdio_io.o
  AR      drivers/firmware/arm_scmi/vendors/imx/built-in.a
  CC      drivers/firmware/arm_scmi/bus.o
  CC      drivers/mmc/host/sdhci-pltfm.o
  CC      drivers/firmware/arm_scmi/driver.o
  CC      drivers/ufs/core/ufs-sysfs.o
  CC      drivers/mmc/core/sdio_irq.o
  CC      drivers/mmc/host/sdhci-of-dwcmshc.o
  CC      drivers/mmc/core/sd_uhs2.o
  CC      drivers/firmware/arm_scmi/notify.o
  CC      drivers/mmc/core/slot-gpio.o
  CC      drivers/mmc/host/sdhci-msm.o
  CC      drivers/mmc/core/regulator.o
  CC      drivers/firmware/arm_scmi/quirks.o
  CC      drivers/ufs/core/ufs-mcq.o
  CC      drivers/firmware/arm_scmi/base.o
  CC      drivers/mmc/core/pwrseq.o
  CC      drivers/mmc/host/cqhci-core.o
  CC      drivers/ufs/core/ufs-txeq.o
  CC      drivers/firmware/arm_scmi/clock.o
  CC      drivers/mmc/core/debugfs.o
  CC      drivers/firmware/arm_scmi/perf.o
  CC      drivers/mmc/host/mmc_hsq.o
  CC      drivers/ufs/core/ufs-debugfs.o
  CC      drivers/mmc/core/pwrseq_simple.o
  AR      drivers/mmc/host/built-in.a
  AR      drivers/firmware/broadcom/built-in.a
  AR      drivers/firmware/cirrus/test/built-in.a
  AR      drivers/firmware/cirrus/built-in.a
  CC      drivers/ufs/core/ufs_bsg.o
  CC      drivers/mmc/core/pwrseq_emmc.o
  CC      drivers/firmware/arm_scmi/power.o
  CC      drivers/ufs/core/ufshcd-crypto.o
  CC      drivers/firmware/arm_scmi/reset.o
  CC      drivers/mmc/core/block.o
  CC      drivers/ufs/host/cdns-pltfrm.o
  AR      drivers/ufs/core/built-in.a
  AR      drivers/crypto/stm32/built-in.a
  AR      drivers/crypto/inside-secure/eip93/built-in.a
  AR      drivers/crypto/inside-secure/built-in.a
  AR      drivers/crypto/xilinx/built-in.a
  AR      drivers/crypto/hisilicon/built-in.a
  AR      drivers/crypto/intel/keembay/built-in.a
  AR      drivers/crypto/intel/ixp4xx/built-in.a
  AR      drivers/crypto/intel/built-in.a
  AR      drivers/crypto/starfive/built-in.a
  AR      drivers/crypto/cavium/built-in.a
  AR      drivers/crypto/ti/built-in.a
  AR      drivers/crypto/built-in.a
  AR      drivers/firmware/meson/built-in.a
  CC      drivers/mmc/core/queue.o
  CC      drivers/firmware/arm_scmi/sensors.o
  CC      drivers/ufs/host/ufs-qcom.o
  AR      drivers/firmware/microchip/built-in.a
  CC      drivers/clocksource/timer-of.o
  CC      drivers/firmware/arm_scmi/system.o
  AR      drivers/mmc/core/built-in.a
  CC      drivers/clocksource/timer-probe.o
  CC      drivers/firmware/arm_scmi/voltage.o
  AR      drivers/mmc/built-in.a
  CC      drivers/ufs/host/ufshcd-pltfrm.o
  CC      drivers/clocksource/mmio.o
  CC      drivers/firmware/arm_scmi/powercap.o
  CC      drivers/firmware/arm_scmi/pinctrl.o
  AR      drivers/ufs/host/built-in.a
  AR      drivers/ufs/built-in.a
  AR      drivers/firmware/google/built-in.a
  CC      drivers/clocksource/arm_arch_timer.o
  CC      drivers/firmware/arm_scmi/shmem.o
  CC      drivers/clocksource/arm_arch_timer_mmio.o
  CC      drivers/firmware/efi/libstub/alignedmem.o
  CC      drivers/firmware/arm_scmi/msg.o
  CC      drivers/hid/usbhid/hid-core.o
  CC      drivers/clocksource/timer-sp804.o
  CC      drivers/firmware/efi/libstub/arm64-stub.o
  AR      drivers/firmware/arm_scmi/built-in.a
  AR      drivers/firmware/imx/built-in.a
  CC      drivers/of/base.o
  CC      drivers/clocksource/dummy_timer.o
  CC      drivers/firmware/efi/libstub/arm64.o
  AR      drivers/clocksource/built-in.a
  CC      drivers/firmware/psci/psci.o
  AR      drivers/hid/usbhid/built-in.a
  CC      drivers/hid/hid-core.o
  CC      drivers/of/cpu.o
  CC      drivers/firmware/efi/libstub/efi-stub-entry.o
  CC      drivers/of/device.o
  AR      drivers/firmware/psci/built-in.a
  CC      drivers/firmware/efi/efi.o
  CC      drivers/firmware/efi/libstub/efi-stub-helper.o
  CC      drivers/of/module.o
  CC      drivers/firmware/efi/libstub/efi-stub.o
  CC      drivers/hid/hid-input.o
  CC      drivers/of/platform.o
  AR      drivers/staging/media/built-in.a
  AR      drivers/staging/iio/accel/built-in.a
  AR      drivers/staging/iio/adc/built-in.a
  AR      drivers/staging/iio/addac/built-in.a
  AR      drivers/staging/iio/frequency/built-in.a
  AR      drivers/staging/iio/impedance-analyzer/built-in.a
  AR      drivers/staging/iio/built-in.a
  AR      drivers/staging/built-in.a
  AR      drivers/platform/built-in.a
  CC      drivers/firmware/qcom/qcom_scm.o
  CC      drivers/firmware/efi/libstub/fdt.o
  CC      drivers/of/property.o
  CC      drivers/firmware/efi/libstub/file.o
  CC      drivers/firmware/qcom/qcom_scm-smc.o
  CC      drivers/hid/hid-quirks.o
  CC      drivers/firmware/efi/libstub/gop.o
  CC      drivers/of/kobj.o
  CC      drivers/firmware/qcom/qcom_scm-legacy.o
  CC      drivers/of/dynamic.o
  CC      drivers/hid/hid-debug.o
  CC      drivers/firmware/efi/libstub/intrinsics.o
  CC      drivers/firmware/qcom/qcom_tzmem.o
  CC      drivers/of/fdt.o
  CC      drivers/firmware/efi/libstub/kaslr.o
  CC      drivers/hid/hidraw.o
  CC      drivers/firmware/qcom/qcom_qseecom.o
  CC      drivers/firmware/efi/libstub/lib-cmdline.o
  CC      drivers/firmware/qcom/qcom_qseecom_uefisecapp.o
  CC      drivers/firmware/efi/libstub/lib-ctype.o
  CC      drivers/firmware/efi/libstub/lib-fdt.o
  DTC     drivers/of/empty_root.dtb
  CC      drivers/of/fdt_address.o
  CC      drivers/firmware/efi/libstub/lib-fdt_empty_tree.o
  CC      drivers/firmware/efi/libstub/lib-fdt_ro.o
  CC      drivers/hid/hid-generic.o
  CC      drivers/firmware/efi/libstub/lib-fdt_rw.o
  CC      drivers/of/address.o
  CC      drivers/firmware/efi/libstub/lib-fdt_sw.o
  CC      drivers/firmware/qcom/qcom_pas.o
  CC      drivers/firmware/efi/libstub/lib-fdt_wip.o
  CC      drivers/firmware/efi/libstub/mem.o
  AR      drivers/hid/built-in.a
  CC      drivers/firmware/efi/vars.o
  AR      drivers/firmware/qcom/built-in.a
  CC      drivers/of/irq.o
  CC      drivers/firmware/efi/libstub/pci.o
  CC      drivers/mailbox/mailbox.o
  AR      drivers/firmware/samsung/built-in.a
  CC      drivers/firmware/smccc/smccc.o
  CC      drivers/of/of_reserved_mem.o
  CC      drivers/firmware/smccc/kvm_guest.o
  CC      drivers/firmware/efi/libstub/primary_display.o
  CC      drivers/mailbox/arm_mhu.o
  CC      drivers/firmware/smccc/soc_id.o
  CC      drivers/of/resolver.o
  CC      drivers/firmware/efi/libstub/printk.o
  CC      drivers/mailbox/arm_mhu_db.o
  AR      drivers/firmware/smccc/built-in.a
  AR      drivers/firmware/tegra/built-in.a
  CC      drivers/firmware/efi/libstub/random.o
  CC      drivers/of/overlay.o
  AR      drivers/firmware/xilinx/built-in.a
  CC      drivers/hwspinlock/hwspinlock_core.o
  CC      drivers/mailbox/platform_mhu.o
  CC      drivers/firmware/efi/libstub/randomalloc.o
  CC      drivers/of/of_numa.o
  CC      drivers/hwspinlock/qcom_hwspinlock.o
  CC      drivers/mailbox/qcom-apcs-ipc-mailbox.o
  CC      drivers/firmware/efi/libstub/secureboot.o
  CC      drivers/of/kexec.o
  AR      drivers/hwspinlock/built-in.a
  CC      drivers/firmware/efi/libstub/skip_spaces.o
  CC      drivers/mailbox/qcom-cpucp-mbox.o
  CC      drivers/firmware/efi/reboot.o
  CC      drivers/firmware/efi/libstub/smbios.o
  WRAP    drivers/of/empty_root.dtb.S
  AS      drivers/of/empty_root.dtb.o
  AR      drivers/of/built-in.a
  CC      drivers/firmware/arm_scpi.o
  CC      drivers/remoteproc/remoteproc_core.o
  CC      drivers/mailbox/qcom-ipcc.o
  CC      drivers/firmware/efi/libstub/string.o
  CC      drivers/firmware/efi/libstub/systable.o
  AR      drivers/mailbox/built-in.a
  CC      drivers/firmware/efi/memattr.o
  CC      drivers/remoteproc/remoteproc_coredump.o
  CC      drivers/firmware/efi/libstub/tpm.o
  CC      drivers/firmware/efi/tpm.o
  CC      drivers/rpmsg/rpmsg_core.o
  CC      drivers/remoteproc/remoteproc_debugfs.o
  CC      drivers/firmware/efi/libstub/vsprintf.o
  CC      drivers/firmware/arm_sdei.o
  CC      drivers/rpmsg/rpmsg_char.o
  STUBCPY drivers/firmware/efi/libstub/alignedmem.stub.o
  STUBCPY drivers/firmware/efi/libstub/arm64-stub.stub.o
  STUBCPY drivers/firmware/efi/libstub/arm64.stub.o
  STUBCPY drivers/firmware/efi/libstub/efi-stub-entry.stub.o
  STUBCPY drivers/firmware/efi/libstub/efi-stub-helper.stub.o
  STUBCPY drivers/firmware/efi/libstub/efi-stub.stub.o
  STUBCPY drivers/firmware/efi/libstub/fdt.stub.o
  STUBCPY drivers/firmware/efi/libstub/file.stub.o
  STUBCPY drivers/firmware/efi/libstub/gop.stub.o
  STUBCPY drivers/firmware/efi/libstub/intrinsics.stub.o
  STUBCPY drivers/firmware/efi/libstub/kaslr.stub.o
  STUBCPY drivers/firmware/efi/libstub/lib-cmdline.stub.o
  STUBCPY drivers/firmware/efi/libstub/lib-ctype.stub.o
  STUBCPY drivers/firmware/efi/libstub/lib-fdt.stub.o
  STUBCPY drivers/firmware/efi/libstub/lib-fdt_empty_tree.stub.o
  STUBCPY drivers/firmware/efi/libstub/lib-fdt_ro.stub.o
  STUBCPY drivers/firmware/efi/libstub/lib-fdt_rw.stub.o
  STUBCPY drivers/firmware/efi/libstub/lib-fdt_sw.stub.o
  STUBCPY drivers/firmware/efi/libstub/lib-fdt_wip.stub.o
  STUBCPY drivers/firmware/efi/libstub/mem.stub.o
  STUBCPY drivers/firmware/efi/libstub/pci.stub.o
  STUBCPY drivers/firmware/efi/libstub/primary_display.stub.o
  STUBCPY drivers/firmware/efi/libstub/printk.stub.o
  STUBCPY drivers/firmware/efi/libstub/random.stub.o
  STUBCPY drivers/firmware/efi/libstub/randomalloc.stub.o
  STUBCPY drivers/firmware/efi/libstub/secureboot.stub.o
  STUBCPY drivers/firmware/efi/libstub/skip_spaces.stub.o
  STUBCPY drivers/firmware/efi/libstub/smbios.stub.o
  STUBCPY drivers/firmware/efi/libstub/string.stub.o
  STUBCPY drivers/firmware/efi/libstub/systable.stub.o
  STUBCPY drivers/firmware/efi/libstub/tpm.stub.o
  STUBCPY drivers/firmware/efi/libstub/vsprintf.stub.o
  CC      drivers/remoteproc/remoteproc_sysfs.o
  AR      drivers/firmware/efi/libstub/lib.a
  CC      drivers/firmware/efi/memmap.o
  CC      drivers/rpmsg/rpmsg_ns.o
  CC      drivers/remoteproc/remoteproc_virtio.o
  CC      drivers/firmware/efi/capsule.o
  AR      drivers/virt/vboxguest/built-in.a
  AR      drivers/virt/coco/built-in.a
  AR      drivers/virt/built-in.a
  AR      drivers/devfreq/event/built-in.a
  CC      drivers/devfreq/devfreq.o
  CC      drivers/rpmsg/qcom_glink_native.o
  CC      drivers/remoteproc/remoteproc_elf_loader.o
  CC      drivers/firmware/efi/fdtparams.o
  CC      drivers/devfreq/devfreq-event.o
  CC      drivers/firmware/efi/esrt.o
  CC      drivers/remoteproc/remoteproc_cdev.o
  CC      drivers/rpmsg/qcom_glink_ssr.o
  CC      drivers/devfreq/governor_simpleondemand.o
  CC      drivers/rpmsg/qcom_glink_rpm.o
  AR      drivers/remoteproc/built-in.a
  CC      drivers/firmware/dmi_scan.o
  CC      drivers/firmware/efi/efi-pstore.o
  CC      drivers/devfreq/governor_performance.o
  CC      drivers/rpmsg/qcom_glink_smem.o
  CC      drivers/firmware/efi/runtime-wrappers.o
  CC      drivers/devfreq/governor_powersave.o
  CC      drivers/extcon/extcon.o
  CC      drivers/rpmsg/qcom_smd.o
  CC      drivers/devfreq/governor_userspace.o
  CC      drivers/firmware/efi/sysfb_efi.o
  CC      drivers/devfreq/governor_passive.o
  CC      drivers/extcon/devres.o
  CC      drivers/rpmsg/virtio_rpmsg_bus.o
  CC      drivers/firmware/efi/efi-init.o
  AR      drivers/devfreq/built-in.a
  CC      drivers/extcon/extcon-usb-gpio.o
  AR      drivers/memory/built-in.a
  AR      drivers/iio/accel/built-in.a
  CC      drivers/iio/adc/qcom-spmi-adc5.o
  AR      drivers/extcon/built-in.a
  CC      drivers/firmware/efi/arm-runtime.o
  AR      drivers/rpmsg/built-in.a
  AR      drivers/iio/addac/built-in.a
  CC      drivers/firmware/dmi-id.o
  AR      drivers/iio/afe/built-in.a
  AR      drivers/iio/amplifiers/built-in.a
  CC      drivers/iio/adc/qcom-vadc-common.o
  CC      drivers/perf/arm_pmu.o
  AR      drivers/iio/buffer/built-in.a
  CC      drivers/firmware/efi/capsule-loader.o
  AR      drivers/iio/adc/built-in.a
  AR      drivers/ras/amd/atl/built-in.a
  CC      drivers/ras/ras.o
  AR      drivers/iio/cdc/built-in.a
  AR      drivers/iio/chemical/built-in.a
  AR      drivers/iio/common/cros_ec_sensors/built-in.a
  AR      drivers/iio/common/hid-sensors/built-in.a
  AR      drivers/iio/common/inv_sensors/built-in.a
  AR      drivers/iio/common/ms_sensors/built-in.a
  AR      drivers/iio/common/scmi_sensors/built-in.a
  AR      drivers/iio/common/ssp_sensors/built-in.a
  AR      drivers/iio/common/st_sensors/built-in.a
  AR      drivers/iio/common/built-in.a
  AR      drivers/iio/dac/built-in.a
  AR      drivers/iio/dummy/built-in.a
  AR      drivers/iio/gyro/built-in.a
  AR      drivers/iio/filter/built-in.a
  AR      drivers/iio/flow/built-in.a
  AR      drivers/iio/frequency/built-in.a
  AR      drivers/iio/health/built-in.a
  AR      drivers/iio/humidity/built-in.a
  AR      drivers/iio/imu/bmi160/built-in.a
  AR      drivers/iio/imu/bmi270/built-in.a
  AR      drivers/iio/imu/bmi323/built-in.a
  AR      drivers/iio/imu/bno055/built-in.a
  AR      drivers/iio/imu/inv_icm42600/built-in.a
  AR      drivers/iio/imu/inv_icm42607/built-in.a
  AR      drivers/iio/imu/inv_icm45600/built-in.a
  AR      drivers/iio/imu/inv_mpu6050/built-in.a
  AR      drivers/iio/imu/smi330/built-in.a
  AR      drivers/iio/imu/st_lsm6dsx/built-in.a
  AR      drivers/iio/imu/st_lsm9ds0/built-in.a
  AR      drivers/iio/imu/built-in.a
  AR      drivers/iio/light/built-in.a
  AR      drivers/iio/magnetometer/built-in.a
  AR      drivers/iio/multiplexer/built-in.a
  AR      drivers/iio/orientation/built-in.a
  AR      drivers/iio/position/built-in.a
  AR      drivers/iio/potentiometer/built-in.a
  AR      drivers/iio/potentiostat/built-in.a
  AR      drivers/iio/pressure/built-in.a
  AR      drivers/iio/proximity/built-in.a
  AR      drivers/iio/resolver/built-in.a
  AR      drivers/iio/temperature/built-in.a
  AR      drivers/iio/test/built-in.a
  AR      drivers/iio/trigger/built-in.a
  CC      drivers/iio/industrialio-core.o
  CC      drivers/perf/arm_pmu_platform.o
  CC      drivers/firmware/efi/earlycon.o
  CC      drivers/ras/debugfs.o
  AR      drivers/ras/built-in.a
  CC      drivers/firmware/sysfb.o
  CC      drivers/perf/arm_pmuv3.o
  AR      drivers/firmware/efi/built-in.a
  CC      drivers/iio/industrialio-event.o
  CC      drivers/perf/arm_brbe.o
  AR      drivers/firmware/built-in.a
  CC      drivers/iio/inkern.o
  AR      drivers/hwtracing/intel_th/built-in.a
  CC      drivers/iio/industrialio-buffer.o
  CC      drivers/android/binder.o
  AR      drivers/perf/built-in.a
  CC      drivers/iio/industrialio-trigger.o
  CC      drivers/android/binder_alloc.o
  CC      drivers/nvmem/layouts/fixed-layout.o
  AR      drivers/iio/built-in.a
  CC      drivers/tee/optee/core.o
  AR      drivers/nvmem/layouts/built-in.a
  CC      drivers/nvmem/core.o
  CC      drivers/android/binder_netlink.o
  CC      drivers/tee/optee/call.o
  CC      drivers/mux/core.o
  CC      drivers/nvmem/layouts.o
  CC      drivers/tee/optee/notif.o
  CC      drivers/mux/mmio.o
  CC      drivers/nvmem/qfprom.o
  CC      drivers/tee/optee/rpc.o
  AR      drivers/mux/built-in.a
  CC      drivers/tee/optee/protmem.o
  AR      drivers/android/built-in.a
  CC      drivers/interconnect/qcom/icc-common.o
  AR      drivers/nvmem/built-in.a
  CC      drivers/tee/optee/supp.o
  CC      drivers/interconnect/qcom/bcm-voter.o
  CC      drivers/interconnect/core.o
  CC      drivers/hte/hte.o
  CC      drivers/tee/optee/device.o
  CC      drivers/interconnect/qcom/eliza.o
  AR      drivers/hte/built-in.a
  CC      drivers/tee/tee_core.o
  CC      drivers/tee/optee/smc_abi.o
  CC      drivers/tee/tee_heap.o
  CC      drivers/interconnect/qcom/glymur.o
  CC      drivers/interconnect/qcom/kaanapali.o
  AR      drivers/resctrl/built-in.a
  CC      drivers/interconnect/bulk.o
  CC      drivers/tee/optee/ffa_abi.o
  CC      drivers/interconnect/qcom/maili.o
  CC      drivers/interconnect/debugfs-client.o
  CC      drivers/tee/tee_shm.o
  AR      drivers/tee/optee/built-in.a
  CC      drivers/interconnect/icc-clk.o
  CC      drivers/interconnect/qcom/osm-l3.o
  CC      drivers/tee/tee_shm_pool.o
  CC      drivers/interconnect/qcom/icc-rpmh.o
  AR      drivers/tee/built-in.a
  AR      drivers/interconnect/qcom/built-in.a
  AR      drivers/interconnect/built-in.a
  AR      drivers/built-in.a
  AR      built-in.a
  AR      built-in-fixup.a
  COPY    vmlinux.a
  LD      vmlinux.o
  MODPOST vmlinux.symvers
  CC      .vmlinux.export.o
  UPD     include/generated/utsversion.h
  CC      init/version-timestamp.o
  KSYMS   .tmp_vmlinux0.kallsyms.S
  AS      .tmp_vmlinux0.kallsyms.o
  LD      .tmp_vmlinux1
ld: Unexpected GOT/PLT entries detected!
ld: Unexpected run-time procedure linkages detected!
ld: drivers/gpu/drm/msm/msm_mdss.o: in function `msm_mdss_reset':
/home/runner/work/linux/linux/drivers/gpu/drm/msm/msm_mdss.c:342:(.text+0x530): undefined reference to `dpu_boot_splash'
ld: drivers/gpu/drm/msm/msm_mdss.o: in function `msm_mdss_take_over_splash':
/home/runner/work/linux/linux/drivers/gpu/drm/msm/msm_mdss.c:385:(.text+0xbb0): undefined reference to `dpu_boot_splash'
make[2]: *** [scripts/Makefile.vmlinux:72: vmlinux.unstripped] Error 1
make[1]: *** [/home/runner/work/linux/linux/Makefile:1387: vmlinux] Error 2
make: *** [Makefile:248: __sub-make] Error 2
